Date,Open,High,Low,Actual,Adj Close,Volume,Predicted
2019/09/27,55.13,55.24,54.32,54.71,52.93,101408000,
2019/09/30,55.22,56.15,55.20,55.99,54.18,103909600,
2019/10/1,56.27,57.06,56.05,56.15,54.33,139223200,
2019/10/2,55.76,55.9,54.48,54.74,52.97,138449200,
2019/10/3,54.61,55.24,53.78,55.21,53.42,114426000,
2019/10/4,56.41,56.87,55.97,56.75,54.92,138478800,
2019/10/7,56.57,57.48,56.46,56.76,54.93,122306000,
2019/10/8,56.46,57.01,56.08,56.1,54.28,111820000,
2019/10/9,56.76,56.95,56.41,56.76,54.92,74770400,
2019/10/10,56.98,57.61,56.83,57.52,55.66,113013600,
2019/10/11,58.24,59.41,58.08,59.05,57.14,166795600,
2019/10/14,58.72,59.53,58.67,58.97,57.06,96427600,
2019/10/15,59.1,59.41,58.72,58.83,56.93,87360000,
2019/10/16,58.34,58.81,58.3,58.59,56.7,73903200,
2019/10/17,58.77,59.04,58.38,58.82,56.92,67585200,
2019/10/18,58.65,59.4,58.57,59.1,57.19,97433600,
2019/10/21,59.38,60.25,59.33,60.13,58.18,87247200,
2019/10/22,60.29,60.55,59.9,59.99,58.05,82293600,
2019/10/23,60.53,60.81,60.31,60.79,58.83,75828800,
2019/10/24,61.13,61.2,60.45,60.9,58.92,69275200,
2019/10/25,60.79,61.68,60.72,61.65,59.65,73477200,
2019/10/28,61.85,62.31,61.68,62.26,60.25,96572800,
2019/10/29,62.24,62.44,60.64,60.82,58.85,142839600,
2019/10/30,61.19,61.33,60.3,60.81,58.85,124522000,
2019/10/31,61.81,62.29,59.31,62.19,60.18,139162000,
2019/11/1,62.38,63.98,62.29,63.96,61.89,151125200,
2019/11/4,64.33,64.46,63.85,64.38,62.29,103272000,
2019/11/5,64.26,64.55,64.08,64.28,62.2,79897600,
2019/11/6,64.19,64.37,63.84,64.31,62.23,75864400,
2019/11/7,64.68,65.09,64.53,64.86,62.95,94940400,
2019/11/8,64.67,65.11,64.21,65.04,63.12,69986400,
2019/11/11,64.57,65.62,64.57,65.55,63.62,81821200,
2019/11/12,65.39,65.7,65.23,65.49,63.56,87388800,
2019/11/13,65.28,66.19,65.27,66.12,64.17,102734400,66.1917508
2019/11/14,65.94,66.22,65.53,65.66,63.73,89182800,65.80591555
2019/11/15,65.92,66.44,65.75,66.44,64.48,100206400,66.53581342
2019/11/18,66.45,66.86,66.06,66.78,64.81,86703200,66.88432902
2019/11/19,66.97,67,66.35,66.57,64.61,76167200,66.72801736
2019/11/20,66.39,66.52,65.1,65.8,63.86,106234400,65.93488204
2019/11/21,65.92,66,65.29,65.5,63.57,121395200,65.67402279
2019/11/22,65.65,65.79,65.21,65.44,63.52,65325200,65.57663308
2019/11/25,65.68,66.61,65.63,66.59,64.63,84020400,66.60688429
2019/11/26,66.74,66.79,65.62,66.07,64.13,105207600,66.16283855
2019/11/27,66.39,67,66.33,66.96,64.99,65235600,66.99388537
2019/11/29,66.65,67,66.47,66.81,64.84,46617600,66.88499082
2019/12/2,66.82,67.06,65.86,66.04,64.1,94487200,66.16135414
2019/12/3,64.58,64.88,64.07,64.86,62.95,114430400,64.99234798
2019/12/4,65.27,65.83,65.17,65.43,63.51,67181600,65.52742647
2019/12/5,65.95,66.47,65.68,66.39,64.44,74424400,66.42995832
2019/12/6,66.87,67.75,66.82,67.68,65.68,106075600,67.65605927
2019/12/9,67.5,67.7,66.23,66.73,64.76,128042400,66.78880689
2019/12/10,67.15,67.52,66.46,67.12,65.14,90420400,67.18076825
2019/12/11,67.2,67.78,67.12,67.69,65.7,78756800,67.76122277
2019/12/12,66.94,68.14,66.83,67.86,65.87,137310400,67.90017747
2019/12/13,67.86,68.82,67.73,68.79,66.76,133587600,68.81999674
2019/12/16,69.25,70.2,69.25,69.96,67.9,128186000,69.99322268
2019/12/17,69.89,70.44,69.7,70.1,68.04,114158400,70.19075814
2019/12/18,69.95,70.47,69.78,69.93,67.88,116028400,70.05410963
2019/12/19,69.88,70.29,69.74,70,67.94,98369200,70.13965098
2019/12/20,70.56,70.66,69.64,69.86,67.8,275978000,70.08533586
2019/12/23,70.13,71.06,70.09,71,68.91,98572000,71.06088343
2019/12/24,71.17,71.22,70.73,71.07,68.97,48478800,71.18924859
2019/12/26,71.21,72.5,71.18,72.48,70.34,93121200,72.45594874
2019/12/27,72.78,73.49,72.03,72.45,70.32,146266000,72.52476106
2019/12/30,72.36,73.17,71.31,72.88,70.73,144114400,72.92022343
2019/12/31,72.48,73.42,72.38,73.41,71.25,100805600,73.4712077
2020/1/2,74.06,75.15,73.8,75.09,72.88,135480400,75.11336537
2020/1/3,74.29,75.14,74.12,74.36,72.17,146322800,74.48049455
2020/1/6,73.45,74.99,73.19,74.95,72.74,118387200,74.94248501
2020/1/7,74.96,75.22,74.37,74.6,72.4,108872000,74.75518478
2020/1/8,74.29,76.11,74.29,75.8,73.57,132079200,75.77959898
2020/1/9,76.81,77.61,76.55,77.41,75.13,170108400,77.45024623
2020/1/10,77.65,78.17,77.06,77.58,75.3,140644800,77.66057204
2020/1/13,77.91,79.27,77.79,79.24,76.91,121532000,79.19994911
2020/1/14,79.18,79.39,78.04,78.17,75.87,161954400,78.32765425
2020/1/15,77.96,78.88,77.39,77.83,75.54,121923600,77.94564301
2020/1/16,78.4,78.93,78.02,78.81,76.49,108829200,78.90983294
2020/1/17,79.07,79.68,78.75,79.68,77.34,137816400,79.75846182
2020/1/21,79.3,79.75,79,79.14,76.81,110843200,79.25064451
2020/1/22,79.64,80,79.33,79.43,77.09,101832400,79.53392831
2020/1/23,79.48,79.89,78.91,79.81,77.46,104472000,79.87167554
2020/1/24,80.06,80.83,79.38,79.58,77.23,146537600,79.66640266
2020/1/27,77.51,77.94,76.22,77.24,74.96,161940000,77.35615774
2020/1/28,78.15,79.6,78.05,79.42,77.08,162234000,79.39526745
2020/1/29,81.11,81.96,80.35,81.08,78.7,216229200,81.07827376
2020/1/30,80.14,81.02,79.69,80.97,78.58,126743200,80.92625437
2020/1/31,80.23,80.67,77.07,77.38,75.1,199588400,77.47031019
2020/2/3,76.07,78.37,75.56,77.17,74.89,173788400,77.13096216
2020/2/4,78.83,79.91,78.41,79.71,77.36,136616400,79.67911952
2020/2/5,80.88,81.19,79.74,80.36,78,118826800,80.35435406
2020/2/6,80.64,81.31,80.07,81.3,78.91,105425600,81.21332519
2020/2/7,80.59,80.85,79.5,80.01,77.84,117684000,80.08100116
2020/2/10,78.54,80.39,78.46,80.39,78.21,109348800,80.32941074
2020/2/11,80.9,80.97,79.68,79.9,77.73,94323200,80.02862664
2020/2/12,80.37,81.81,80.37,81.8,79.58,113730400,81.75919163
2020/2/13,81.05,81.56,80.84,81.22,79.01,94747600,81.29916233
2020/2/14,81.18,81.5,80.71,81.24,79.03,80113600,81.32745452
2020/2/18,78.84,79.94,78.65,79.75,77.58,152531200,79.81550722
2020/2/19,80,81.14,80,80.9,78.71,93984000,80.91897222
2020/2/20,80.66,81.16,79.55,80.07,77.9,100566000,80.13419836
2020/2/21,79.65,80.11,77.62,78.26,76.14,129554000,78.35482764
2020/2/24,74.32,76.04,72.31,74.54,72.52,222195200,74.56528901
2020/2/25,75.24,75.63,71.53,72.02,70.06,230673600,72.1765676
2020/2/26,71.63,74.47,71.62,73.16,71.18,198054800,73.02629636
2020/2/27,70.28,71.5,68.24,68.38,66.52,320605600,68.47196596
2020/2/28,64.32,69.6,64.09,68.34,66.48,426510000,67.93908229
2020/3/2,70.57,75.36,69.43,74.7,72.67,341397200,74.03921723
2020/3/3,75.92,76,71.45,72.33,70.37,319475600,72.24309722
2020/3/4,74.11,75.85,73.28,75.68,73.63,219178400,75.38760784
2020/3/5,73.88,74.89,72.85,73.23,71.24,187572800,73.2524165
2020/3/6,70.5,72.71,70.31,72.26,70.3,226176800,72.28594424
2020/3/9,65.94,69.52,65.75,66.54,64.74,286744800,66.65293416
2020/3/10,69.29,71.61,67.34,71.33,69.4,285290000,71.18100546
2020/3/11,69.35,70.31,67.96,68.86,66.99,255598800,68.94392388
2020/3/12,63.99,67.5,62,62.06,60.37,418474000,62.13593465
2020/3/13,66.22,69.98,63.24,69.49,67.61,370732000,68.94301257
2020/3/16,60.49,64.77,60,60.55,58.91,322423600,60.5337045
2020/3/17,61.88,64.4,59.6,63.22,61.5,324056000,62.98884855
2020/3/18,59.94,62.5,59.28,61.67,59.99,300233600,61.52011104
2020/3/19,61.85,63.21,60.65,61.19,59.53,271857200,61.23486712
2020/3/20,61.79,62.96,57,57.31,55.75,401693200,57.352639
2020/3/23,57.02,57.12,53.15,56.09,54.57,336752800,56.14059619
2020/3/24,59.09,61.92,58.58,61.72,60.04,287531200,61.40381617
2020/3/25,62.69,64.56,61.08,61.38,59.71,303602000,61.26480758
2020/3/26,61.63,64.67,61.59,64.61,62.86,252087200,64.24001933
2020/3/27,63.19,63.97,61.76,61.94,60.25,204216800,62.01348851
2020/3/30,62.69,63.88,62.35,63.7,61.97,167976400,63.7444773
2020/3/31,63.9,65.62,63,63.57,61.85,197002000,63.63392407
2020/4/1,61.62,62.18,59.78,60.23,58.59,176218400,60.48324853
2020/4/2,60.08,61.29,59.22,61.23,59.57,165934000,61.29355535
2020/4/3,60.7,61.42,59.74,60.35,58.71,129880000,60.49752083
2020/4/6,62.72,65.78,62.35,65.62,63.84,201820400,65.30876081
2020/4/7,67.7,67.93,64.75,64.86,63.1,202887200,64.86673714
2020/4/8,65.68,66.84,65.31,66.52,64.71,168895200,66.47599027
2020/4/9,67.18,67.52,66.18,67,65.18,161834800,67.08688793
2020/4/13,67.08,68.43,66.46,68.31,66.46,131022800,68.32848321
2020/4/14,70,72.06,69.51,71.76,69.81,194994800,71.65536595
2020/4/15,70.6,71.58,70.16,71.11,69.18,131154400,71.21066648
2020/4/16,71.85,72.05,70.59,71.67,69.73,157125200,71.82580411
2020/4/17,71.17,71.74,69.21,70.7,68.78,215250000,70.87712401
2020/4/20,69.49,70.42,69.21,69.23,67.35,130015200,69.47582799
2020/4/21,69.07,69.31,66.36,67.09,65.27,180991600,67.32530297
2020/4/22,68.4,69.47,68.05,69.03,67.15,116862400,69.10912661
2020/4/23,68.97,70.44,68.72,68.76,66.89,124814400,68.80281066
2020/4/24,69.3,70.75,69.25,70.74,68.82,126161200,70.64749028
2020/4/27,70.45,71.14,69.99,70.79,68.87,117087600,70.77504792
2020/4/28,71.27,71.46,69.55,69.64,67.75,112004800,69.75160558
2020/4/29,71.18,72.42,70.97,71.93,69.98,137280800,71.92314235
2020/4/30,72.49,73.63,72.09,73.45,71.46,183064000,73.45417088
2020/5/1,71.56,74.75,71.46,72.27,70.31,240616800,72.21946411
2020/5/4,72.29,73.42,71.58,73.29,71.3,133568000,73.29260939
2020/5/5,73.76,75.25,73.61,74.39,72.37,147751200,74.42264791
2020/5/6,75.11,75.81,74.72,75.16,73.12,142333600,75.25532617
2020/5/7,75.81,76.29,75.49,75.93,73.87,115215200,76.01897926
2020/5/8,76.41,77.59,76.07,77.53,75.63,133838400,77.55493842
2020/5/11,77.03,79.26,76.81,78.75,76.82,145946400,78.69689544
2020/5/12,79.46,79.92,77.73,77.85,75.94,162301200,78.02363263
2020/5/13,78.04,78.99,75.8,76.91,75.03,200622400,77.05173035
2020/5/14,76.13,77.45,75.38,77.39,75.49,158929200,77.47501413
2020/5/15,75.09,76.97,75.05,76.93,75.04,166348400,76.98355273
2020/5/18,78.29,79.12,77.58,78.74,76.81,135178400,78.79080099
2020/5/19,78.76,79.63,78.25,78.29,76.37,101729600,78.37630496
2020/5/20,79.17,79.88,79.13,79.81,77.85,111504800,79.86548669
2020/5/21,79.67,80.22,78.97,79.21,77.27,102688800,79.31822622
2020/5/22,78.94,79.81,78.84,79.72,77.77,81803200,79.80023686
2020/5/26,80.88,81.06,79.12,79.18,77.24,125522000,79.34146042
2020/5/27,79.04,79.68,78.27,79.53,77.58,112945200,79.62742518
2020/5/28,79.19,80.86,78.91,79.56,77.61,133560800,79.60070004
2020/5/29,79.81,80.29,79.12,79.49,77.54,153532400,79.62457519
2020/6/1,79.44,80.59,79.3,80.46,78.49,80791200,80.4591586
2020/6/2,80.19,80.86,79.73,80.83,78.85,87642800,80.87327579
2020/6/3,81.17,81.55,80.57,81.28,79.29,104491200,81.36897314
2020/6/4,81.1,81.4,80.19,80.58,78.6,87560400,80.70690938
2020/6/5,80.84,82.94,80.81,82.88,80.84,137250400,82.79654284
2020/6/8,82.56,83.4,81.83,83.36,81.32,95654400,83.37463956
2020/6/9,83.04,86.4,83,86,83.89,147712400,85.75231931
2020/6/10,86.97,88.69,86.52,88.21,86.05,166651600,88.12353392
2020/6/11,87.33,87.76,83.87,83.97,81.92,201662400,84.17034186
2020/6/12,86.18,86.95,83.56,84.7,82.62,200146000,84.83195368
2020/6/15,83.31,86.42,83.14,85.75,83.65,138808800,85.66009247
2020/6/16,87.86,88.3,86.18,88.02,85.86,165428800,88.05651482
2020/6/17,88.79,88.85,87.77,87.9,85.74,114406400,88.00122041
2020/6/18,87.85,88.36,87.31,87.93,85.78,96820400,88.01575429
2020/6/19,88.66,89.14,86.29,87.43,85.29,264476000,87.55312606
2020/6/22,87.83,89.86,87.79,89.72,87.52,135445200,89.65127824
2020/6/23,91,93.1,90.57,91.63,89.39,212155600,91.56579614
2020/6/24,91.25,92.2,89.63,90.01,87.81,192623200,90.11341999
2020/6/25,90.18,91.25,89.39,91.21,88.97,137522400,91.22306935
2020/6/26,91.1,91.33,88.25,88.41,86.24,205256800,88.62846283
2020/6/29,88.31,90.54,87.82,90.44,88.23,130646000,90.35264185
2020/6/30,90.02,91.5,90,91.2,88.96,140223200,91.18565131
2020/7/1,91.28,91.84,90.98,91.03,88.8,110737200,91.13714657
2020/7/2,91.96,92.62,90.91,91.03,88.8,114041600,91.09355454
2020/7/6,92.5,93.94,92.47,93.46,91.17,118655600,93.41608354
2020/7/7,93.85,94.65,93.06,93.17,90.89,112424400,93.22450831
2020/7/8,94.18,95.38,94.09,95.34,93.01,117092000,95.30695114
2020/7/9,96.26,96.32,94.67,95.75,93.41,125642800,95.81469897
2020/7/10,95.33,95.98,94.71,95.92,93.57,90257200,95.99650191
2020/7/13,97.26,99.96,95.26,95.48,93.14,191649200,95.44977496
2020/7/14,94.84,97.25,93.88,97.06,94.68,170989200,96.93040125
2020/7/15,98.99,99.25,96.49,97.72,95.33,153198000,97.78265486
2020/7/16,96.56,97.4,95.9,96.52,94.16,110577600,96.61967758
2020/7/17,96.99,97.15,95.84,96.33,93.97,92186800,96.47522829
2020/7/20,96.42,98.5,96.06,98.36,95.95,90318000,98.24993235
2020/7/21,99.17,99.25,96.74,97,94.62,103433200,97.10660232
2020/7/22,96.69,97.97,96.6,97.27,94.89,89001600,97.29486924
2020/7/23,97,97.08,92.01,92.85,90.57,197004400,92.99430783
2020/7/24,90.99,92.97,89.14,92.61,90.34,185438800,92.53601238
2020/7/27,93.71,94.9,93.48,94.81,92.49,121214000,94.76221312
2020/7/28,94.37,94.55,93.25,93.25,90.97,103625600,93.31259894
2020/7/29,93.75,95.23,93.71,95.04,92.71,90329200,94.88039464
2020/7/30,94.19,96.3,93.77,96.19,93.83,158130000,95.96432112
2020/7/31,102.89,106.42,100.82,106.26,103.66,374336800,105.6356987
2020/8/3,108.2,111.64,107.89,108.94,106.27,308151200,108.5779619
2020/8/4,109.13,110.79,108.39,109.67,106.98,173071600,109.5582168
2020/8/5,109.38,110.39,108.9,110.06,107.36,121776800,110.1625183
2020/8/6,110.4,114.41,109.8,113.9,111.11,202428800,113.7251934
2020/8/7,113.21,113.68,110.29,111.11,108.58,198045600,111.4066578
2020/8/10,112.6,113.78,110,112.73,110.16,212403600,112.8394149
2020/8/11,111.97,112.48,109.11,109.38,106.89,187902400,109.676772
2020/8/12,110.5,113.28,110.3,113.01,110.44,165598000,112.9355178
2020/8/13,114.43,116.04,113.93,115.01,112.39,210082000,114.9606821
2020/8/14,114.83,115,113.04,114.91,112.29,165565200,114.9250278
2020/8/17,116.06,116.09,113.96,114.61,112,119561600,114.6799413
2020/8/18,114.35,116,114.01,115.56,112.93,105633600,115.5414111
2020/8/19,115.98,117.16,115.61,115.71,113.07,145538000,115.8076404
2020/8/20,115.75,118.39,115.73,118.28,115.58,126907200,118.0998078
2020/8/21,119.26,124.87,119.25,124.37,121.54,338054800,123.7913607
2020/8/24,128.7,128.79,123.94,125.86,122.99,345937600,125.7869328
2020/8/25,124.7,125.18,123.05,124.82,121.98,211495600,124.8716708
2020/8/26,126.18,126.99,125.08,126.52,123.64,163022400,126.5998987
2020/8/27,127.14,127.49,123.83,125.01,122.17,155552400,125.20872
2020/8/28,126.01,126.44,124.58,124.81,121.97,187630000,125.0665969
2020/8/31,127.58,131,126,129.04,126.1,225702700,128.8039557
2020/9/1,132.76,134.8,130.53,134.18,131.13,151948100,133.8586889
2020/9/2,137.59,137.98,127,131.4,128.41,200119000,131.1108393
2020/9/3,126.91,128.84,120.5,120.88,118.13,257599600,121.0605231
2020/9/4,120.07,123.7,110.89,120.96,118.21,332607200,120.5560023
2020/9/8,113.95,118.99,112.68,112.82,110.25,231366600,112.9402908
2020/9/9,117.26,119.14,115.26,117.32,114.65,176940500,117.1750577
2020/9/10,120.36,120.5,112.5,113.49,110.91,182274400,113.302384
2020/9/11,114.57,115.23,110,112,109.45,180860300,111.7760045
2020/9/14,114.72,115.93,112.8,115.36,112.73,140150100,114.9410742
2020/9/15,118.33,118.83,113.61,115.54,112.91,184642000,115.2391557
2020/9/16,115.23,116,112.04,112.13,109.58,154679000,112.0404185
2020/9/17,109.72,112.2,108.71,110.34,107.83,178011000,110.2240366
2020/9/18,110.4,110.88,106.09,106.84,104.41,287104900,106.9841707
2020/9/21,104.54,110.19,103.1,110.08,107.58,195713800,109.4556865
2020/9/22,112.68,112.86,109.16,111.81,109.27,183055400,111.5957859
2020/9/23,111.62,112.11,106.77,107.12,104.68,150718700,107.0705381
2020/9/24,105.17,110.25,105,108.22,105.76,167743300,107.7740668
2020/9/25,108.43,112.44,107.67,112.28,109.73,149981400,111.7748633
2020/9/28,115.01,115.32,112.78,114.96,112.34,137672400,114.7787221
2020/9/29,114.55,115.31,113.57,114.09,111.49,99382200,114.0210547
2020/9/30,113.79,117.26,113.62,115.81,113.17,142675200,115.5601341
2020/10/1,117.64,117.72,115.83,116.79,114.13,116120400,116.8764698
2020/10/2,112.89,115.37,112.22,113.02,110.45,144712000,113.0874368
2020/10/5,113.91,116.65,113.55,116.5,113.85,106243800,116.3263432
2020/10/6,115.7,116.12,112.25,113.16,110.59,161498200,113.3022209
2020/10/7,114.62,115.55,114.13,115.08,112.46,96849000,115.1143192
2020/10/8,116.25,116.4,114.59,114.97,112.35,83477200,115.0084013
2020/10/9,115.28,117,114.92,116.97,114.31,100506900,116.8228838
2020/10/12,120.06,125.18,119.28,124.4,121.57,240226800,123.7067798
2020/10/13,125.27,125.39,119.65,121.1,118.34,262330500,121.0556351
2020/10/14,121,123.03,119.62,121.19,118.43,150712000,121.1237866
2020/10/15,118.72,121.2,118.15,120.71,117.96,112559200,120.665578
2020/10/16,121.28,121.55,118.81,119.02,116.31,115393800,119.2610734
2020/10/19,119.96,120.42,115.66,115.98,113.34,120639300,116.1479009
2020/10/20,116.2,118.98,115.63,117.51,114.84,124423700,117.3947896
2020/10/21,116.67,118.71,116.45,116.87,114.21,89946000,116.8120459
2020/10/22,117.45,118.04,114.59,115.75,113.12,101988000,115.6878135
2020/10/23,116.39,116.55,114.28,115.04,112.42,82572600,115.0041346
2020/10/26,114.01,116.55,112.88,115.05,112.43,111850700,114.8367116
2020/10/27,115.49,117.28,114.54,116.6,113.95,92276800,116.3898239
2020/10/28,115.05,115.43,111.1,111.2,108.67,143937800,111.275031
2020/10/29,112.37,116.93,112.2,115.32,112.7,146129200,114.9015473
2020/10/30,111.06,111.99,107.72,108.86,106.38,190272600,108.9166464
2020/11/2,109.11,110.68,107.32,108.77,106.29,122866900,108.7157985
2020/11/3,109.66,111.49,108.73,110.44,107.93,107624400,110.2421712
2020/11/4,114.14,115.59,112.35,114.95,112.33,138235500,114.6351166
2020/11/5,117.95,119.62,116.87,119.03,116.32,126387100,118.6194138
2020/11/6,118.32,119.2,116.13,118.69,116.19,114457900,118.4757285
2020/11/9,120.5,121.99,116.05,116.32,113.87,154515300,116.3030029
2020/11/10,115.55,117.59,114.13,115.97,113.53,138023400,116.4099881
2020/11/11,117.19,119.63,116.44,119.49,116.97,112295000,119.2794549
2020/11/12,119.62,120.53,118.57,119.21,116.7,103162300,119.8381742
2020/11/13,119.44,119.67,117.87,119.26,116.75,81581900,119.132041
2020/11/16,118.92,120.99,118.15,120.3,117.77,91183000,120.4717892
2020/11/17,119.55,120.67,118.96,119.39,116.87,74271000,120.4368123
2020/11/18,118.61,119.82,118,118.03,115.54,76322100,119.4053846
2020/11/19,117.59,119.06,116.81,118.64,116.14,74113000,119.0203924
2020/11/20,118.64,118.77,117.29,117.34,114.87,73604300,118.2544022
2020/11/23,117.18,117.62,113.75,113.85,111.45,127959300,114.5463215
2020/11/24,113.91,115.85,112.59,115.17,112.74,113874200,115.2348643
2020/11/25,115.55,116.75,115.17,116.03,113.59,76499200,116.8750429
2020/11/27,116.57,117.49,116.22,116.59,114.13,46691300,117.4878981
2020/11/30,116.97,120.97,116.81,119.05,116.54,169410200,119.8558431
2020/12/1,121.01,123.47,120.01,122.72,120.13,127728200,122.3919055
2020/12/2,122.02,123.37,120.89,123.08,120.49,89004200,122.7443942
2020/12/3,123.52,123.78,122.21,122.94,120.35,78967600,123.1932639
2020/12/4,122.6,122.86,121.52,122.25,119.67,78260400,122.7392728
2020/12/7,122.31,124.57,122.25,123.75,121.14,86712000,124.6027778
2020/12/8,124.37,124.98,123.09,124.38,121.76,82225500,124.5555108
2020/12/9,124.53,125.95,121,121.78,119.21,115089200,122.131312
2020/12/10,120.5,123.87,120.15,123.24,120.64,81312200,123.5225308
2020/12/11,122.43,122.76,120.55,122.41,119.83,86939800,122.2334443
2020/12/14,122.6,123.35,121.54,121.78,119.21,79184500,122.847934
2020/12/15,124.34,127.9,124.13,127.88,125.19,157243700,127.6595853
2020/12/16,127.41,128.37,126.56,127.81,125.12,98208600,128.0986033
2020/12/17,128.9,129.58,128.04,128.7,125.99,94359800,129.2514162
2020/12/18,128.96,129.1,126.12,126.66,123.99,192541500,127.043263
2020/12/21,125.02,128.31,123.45,128.23,125.53,121251600,127.3368356
2020/12/22,131.61,134.41,129.65,131.88,129.1,168904800,131.9677094
2020/12/23,132.16,132.43,130.78,130.96,128.2,88223700,131.6442359
2020/12/24,131.32,133.46,131.1,131.97,129.19,54930100,133.0133658
2020/12/28,133.99,137.34,133.51,136.69,133.81,124486200,136.6173261
2020/12/29,138.05,138.79,134.34,134.87,132.03,121047300,134.9722757
2020/12/30,135.58,135.99,133.4,133.72,130.9,96452100,134.3706754
2020/12/31,134.08,134.74,131.72,132.69,129.89,99116600,133.1390713
2021/1/4,133.52,133.61,126.76,129.41,126.68,143301900,127.9477776
2021/1/5,128.89,131.74,128.43,131.01,128.25,97664900,131.6781163
2021/1/6,127.72,131.05,126.38,126.6,123.93,155088000,128.7784493
2021/1/7,128.36,131.63,127.86,130.92,128.16,109578200,131.2181775
2021/1/8,132.43,132.63,130.23,132.05,129.27,105158200,131.6124691
2021/1/11,129.19,130.17,128.5,128.98,126.26,100384500,130.1602587
2021/1/12,128.5,129.69,126.86,128.8,126.09,91951100,128.9358251
2021/1/13,128.76,131.45,128.49,130.89,128.13,88636800,131.4150182
2021/1/14,130.8,131,128.76,128.91,126.19,90221800,129.6625133
2021/1/15,128.78,130.22,127,127.14,124.46,111598500,128.4031042
2021/1/19,127.78,128.71,126.94,127.83,125.14,90757300,128.6550762
2021/1/20,128.66,132.49,128.55,132.03,129.25,104319500,132.1267502
2021/1/21,133.8,139.67,133.59,136.87,133.99,120150900,137.3048518
2021/1/22,136.28,139.85,135.02,139.07,136.14,114459400,138.1751738
2021/1/25,143.07,145.09,136.54,142.92,139.91,157611700,138.9716966
2021/1/26,143.6,144.3,141.37,143.16,140.14,98390600,142.6865809
2021/1/27,143.43,144.3,140.41,142.06,139.07,140843800,141.9027368
2021/1/28,139.52,141.99,136.7,137.09,134.2,142621100,138.5669423
2021/1/29,135.83,136.74,130.21,131.96,129.18,177523800,131.92718
2021/2/1,133.75,135.38,130.93,134.14,131.31,106239800,133.7615637
2021/2/2,135.73,136.31,134.61,134.99,132.15,83305400,136.0493081
2021/2/3,135.76,135.77,133.61,133.94,131.12,89880900,134.5429337
2021/2/4,136.3,137.4,134.59,137.39,134.5,84183100,136.7365899
2021/2/5,137.35,137.42,135.86,136.76,134.08,75693800,137.0946983
2021/2/8,136.03,136.96,134.92,136.91,134.23,71297200,137.0118016
2021/2/9,136.62,137.88,135.85,136.01,133.34,76774200,137.3862583
2021/2/10,136.48,136.99,134.4,135.39,132.74,73046600,135.8212828
2021/2/11,135.9,136.39,133.77,135.13,132.48,64280000,135.2934399
2021/2/12,134.35,135.53,133.69,135.37,132.72,60145100,135.8653451
2021/2/16,135.49,136.01,132.79,133.19,130.58,80576300,133.8239237
2021/2/17,131.25,132.22,129.47,130.84,128.27,97918500,131.4619395
2021/2/18,129.2,130,127.41,129.71,127.17,96856700,129.7792151
2021/2/19,130.24,130.71,128.8,129.87,127.32,87668800,130.4929645
2021/2/22,128.01,129.72,125.6,126,123.53,103916400,127.2413302
2021/2/23,123.76,126.71,118.39,125.86,123.39,158273000,122.7428231
2021/2/24,124.94,125.56,122.23,125.35,122.89,111039900,124.5348517
2021/2/25,124.68,126.46,120.54,120.99,118.62,148199500,121.8245655
2021/2/26,122.59,124.85,121.2,121.26,118.88,164560400,122.9985966
2021/3/1,123.75,127.93,122.79,127.79,125.28,116307900,126.833694
2021/3/2,128.41,128.72,125.01,125.12,122.67,102260900,125.3386022
2021/3/3,124.81,125.71,121.84,122.06,119.67,112966300,122.7307905
2021/3/4,121.75,123.6,118.62,120.13,117.77,178155000,120.5873119
2021/3/5,120.98,121.94,117.57,121.42,119.04,153766600,120.1215021
2021/3/8,120.93,121,116.21,116.36,114.08,154376600,116.7380171
2021/3/9,119.03,122.06,118.79,121.09,118.72,129525800,121.733957
2021/3/10,121.69,122.17,119.45,119.98,117.63,111943300,120.3946168
2021/3/11,122.54,123.21,121.26,121.96,119.57,103026500,122.4260354
2021/3/12,120.4,121.17,119.16,121.03,118.66,88105100,120.9576626
2021/3/15,121.41,124,120.42,123.99,121.56,92403800,123.4289028
2021/3/16,125.7,127.22,124.72,125.57,123.11,115227900,126.1883039
2021/3/17,124.05,125.86,122.34,124.76,122.31,111932600,124.5831246
2021/3/18,122.88,123.18,120.32,120.53,118.17,121229700,121.3071922
2021/3/19,119.9,121.43,119.68,119.99,117.64,185549500,121.7965532
2021/3/22,120.33,123.87,120.26,123.39,120.97,111912300,123.7928794
2021/3/23,123.33,124.24,122.14,122.54,120.14,95467100,123.4210504
2021/3/24,122.82,122.9,120.07,120.09,117.74,88530500,120.6665332
2021/3/25,119.54,121.66,119,120.59,118.23,98844700,121.4214073
2021/3/26,120.35,121.48,118.92,121.21,118.83,94071200,121.1294574
2021/3/29,121.65,122.58,120.73,121.39,119.01,80819200,122.1816285
2021/3/30,120.11,120.4,118.86,119.9,117.55,85671900,120.3179328
2021/3/31,121.65,123.52,121.15,122.15,119.76,118323800,123.0999405
2021/4/1,123.66,124.18,122.49,123,120.59,75089100,123.5695523
2021/4/5,123.87,126.16,123.07,125.9,123.43,88651200,125.623751
2021/4/6,126.5,127.13,125.65,126.21,123.74,80171300,126.7567643
2021/4/7,125.83,127.92,125.14,127.9,125.39,83466700,127.6997502
2021/4/8,128.95,130.39,128.52,130.36,127.8,88844600,130.530195
2021/4/9,129.8,133.04,129.47,133,130.39,106686700,132.7561706
2021/4/12,132.52,132.85,130.63,131.24,128.67,91420000,131.6200728
2021/4/13,132.44,134.66,131.93,134.43,131.79,91266500,134.5361753
2021/4/14,134.94,135,131.66,132.03,129.44,87222800,132.2873393
2021/4/15,133.82,135,133.64,134.5,131.86,89347100,135.4825548
2021/4/16,134.3,134.67,133.28,134.16,131.53,84922400,134.7413943
2021/4/19,133.51,135.47,133.34,134.84,132.2,94264200,135.770739
2021/4/20,135.02,135.53,131.81,133.11,130.5,94812300,133.0893507
2021/4/21,132.36,133.75,131.3,133.5,130.88,68847100,133.7464172
2021/4/22,133.04,134.15,131.41,131.94,129.35,84566500,132.9866035
2021/4/23,132.16,135.12,132.16,134.32,131.69,78657500,135.1780015
2021/4/26,134.83,135.06,133.56,134.72,132.08,66905100,134.9863532
2021/4/27,135.01,135.41,134.11,134.39,131.76,66015800,135.3301167
2021/4/28,134.31,135.02,133.08,133.58,130.96,107760100,134.5381288
2021/4/29,136.47,137.07,132.45,133.48,130.86,151101000,133.4781144
2021/4/30,131.78,133.56,131.07,131.46,128.88,109839500,133.0712606
2021/5/3,132.04,134.07,131.83,132.54,129.94,75135100,133.954711
2021/5/4,131.19,131.49,126.7,127.85,125.34,137564700,127.8335562
2021/5/5,129.2,130.45,127.97,128.1,125.59,84000900,129.5201281
2021/5/6,127.89,129.75,127.13,129.74,127.2,78128300,129.8689296
2021/5/7,130.85,131.26,129.48,130.21,127.87,78973300,130.7673898
2021/5/10,129.41,129.54,126.81,126.85,124.57,88071200,127.5936341
2021/5/11,123.5,126.27,122.77,125.91,123.65,126142800,126.2871655
2021/5/12,123.4,124.64,122.25,122.77,120.57,112172300,124.2086226
2021/5/13,124.58,126.15,124.26,124.97,122.73,105861300,126.291969
2021/5/14,126.25,127.89,125.85,127.45,125.16,81918000,127.9570773
2021/5/17,126.82,126.93,125.17,126.27,124,74244600,126.3828232
2021/5/18,126.56,126.99,124.78,124.85,122.61,63342900,125.6682654
2021/5/19,123.16,124.92,122.86,124.69,122.45,92612000,125.4075206
2021/5/20,125.23,127.72,125.1,127.31,125.03,76857100,127.8466968
2021/5/21,127.82,128,125.21,125.43,123.18,79295400,125.8943685
2021/5/24,126.01,127.94,125.94,127.1,124.82,63092900,128.054183
2021/5/25,127.82,128.32,126.32,126.9,124.62,72009500,127.4756032
2021/5/26,126.96,127.39,126.42,126.85,124.57,56575900,127.759801
2021/5/27,126.44,127.64,125.08,125.28,123.03,94625600,126.4756212
2021/5/28,125.57,125.8,124.55,124.61,122.37,71311100,125.7247465
2021/6/1,125.08,125.35,123.94,124.28,122.05,67637100,125.1920986
2021/6/2,124.28,125.24,124.05,125.06,122.82,59278900,125.9322337
2021/6/3,124.68,124.85,123.13,123.54,121.32,76229200,124.260743
2021/6/4,124.07,126.16,123.85,125.89,123.63,75169300,126.3796942
2021/6/7,126.17,126.32,124.83,125.9,123.64,71057600,126.1190918
2021/6/8,126.6,128.46,126.21,126.74,124.47,74403800,127.9584994
2021/6/9,127.21,127.75,126.52,127.13,124.85,56877900,127.8430534
2021/6/10,127.02,128.19,125.94,126.11,123.85,71186400,127.2781024
2021/6/11,126.53,127.44,126.1,127.35,125.07,53522400,127.936506
2021/6/14,127.82,130.54,127.07,130.48,128.14,96906500,130.1731163
2021/6/15,129.94,130.6,129.39,129.64,127.31,62746300,130.6263851
2021/6/16,130.37,130.89,128.46,130.15,127.81,91815000,130.0198812
2021/6/17,129.8,132.55,129.65,131.79,129.43,96721700,132.4789508
2021/6/18,130.71,131.51,130.24,130.46,128.12,108953300,131.791375
2021/6/21,130.3,132.41,129.21,132.3,129.93,79663300,132.0755925
2021/6/22,132.13,134.08,131.62,133.98,131.58,74783600,134.1887721
2021/6/23,133.77,134.32,133.23,133.7,131.3,60214200,134.6377489
2021/6/24,134.45,134.64,132.93,133.41,131.02,68711000,134.0550106
2021/6/25,133.46,133.89,132.81,133.11,130.72,70783700,134.2361065
2021/6/28,133.41,135.25,133.35,134.78,132.36,62111300,135.7075647
2021/6/29,134.8,136.49,134.35,136.33,133.88,64556100,136.7228129
2021/6/30,136.17,137.41,135.87,136.96,134.5,63261400,137.7737645
2021/7/1,136.6,137.33,135.76,137.27,134.81,52485800,137.6024528
2021/7/2,137.9,140,137.75,139.96,137.45,78852600,140.3957754
2021/7/6,140.07,143.15,140.07,142.02,139.47,108181800,142.9194417
2021/7/7,143.54,144.89,142.66,144.57,141.98,104911600,144.711914
2021/7/8,141.58,144.06,140.67,143.24,140.67,105575500,143.5642632
2021/7/9,142.75,145.65,142.65,145.11,142.51,99890800,145.8129217
2021/7/12,146.21,146.32,144,144.5,141.91,76299700,145.0585622
2021/7/13,144.03,147.46,143.63,145.64,143.03,100827100,146.7698767
2021/7/14,148.1,149.57,147.68,149.15,146.47,127050800,149.8564178
2021/7/15,149.24,150,147.09,148.48,145.82,106820300,148.713064
2021/7/16,148.46,149.76,145.88,146.39,143.76,93251400,147.3270664
2021/7/19,143.75,144.07,141.67,142.45,139.89,121434600,143.4728909
2021/7/20,143.46,147.1,142.96,146.15,143.53,96350000,146.7974421
2021/7/21,145.53,146.13,144.63,145.4,142.79,74993500,146.3927468
2021/7/22,145.94,148.2,145.81,146.8,144.17,77338200,148.1696779
2021/7/23,147.55,148.72,146.92,148.56,145.89,71447400,149.0096514
2021/7/26,148.27,149.83,147.7,148.99,146.32,72434100,149.8414943
2021/7/27,149.12,149.21,145.55,146.77,144.14,104818600,146.7270028
2021/7/28,144.81,146.97,142.54,144.98,142.38,118931200,145.3628496
2021/7/29,144.69,146.55,144.58,145.64,143.03,56699500,147.0666663
2021/7/30,144.38,146.33,144.11,145.86,143.24,70440600,146.8446923
2021/8/2,146.36,146.95,145.25,145.52,142.91,62880000,146.6666029
2021/8/3,145.81,148.04,145.18,147.36,144.72,64786600,147.8693079
2021/8/4,147.27,147.79,146.28,146.95,144.31,56368300,147.7882375
2021/8/5,146.98,147.84,146.17,147.06,144.42,46397700,147.9284243
2021/8/6,146.35,147.11,145.63,146.14,143.73,54126800,147.3692123
2021/8/9,146.2,146.7,145.52,146.09,143.68,48908700,147.2092733
2021/8/10,146.44,147.71,145.3,145.6,143.2,69023100,147.0012099
2021/8/11,146.05,146.72,145.53,145.86,143.46,48493500,147.1570495
2021/8/12,146.19,149.05,145.84,148.89,146.44,72282600,149.1433292
2021/8/13,148.97,149.44,148.27,149.1,146.64,59375000,149.8387831
2021/8/16,148.54,151.19,146.47,151.12,148.63,103296000,150.0223509
2021/8/17,150.23,151.68,149.09,150.19,147.72,92229700,151.1239019
2021/8/18,149.8,150.72,146.15,146.36,143.95,86326000,147.2900568
2021/8/19,145.03,148,144.5,146.7,144.28,86960300,147.8592783
2021/8/20,147.44,148.5,146.78,148.19,145.75,60549600,149.0337498
2021/8/23,148.31,150.19,147.89,149.71,147.24,60131800,150.4419797
2021/8/24,149.45,150.86,149.15,149.62,147.16,48606400,150.975908
2021/8/25,149.81,150.32,147.8,148.36,145.92,58991300,149.137727
2021/8/26,148.35,149.12,147.51,147.54,145.11,48597200,149.0652599
2021/8/27,147.48,148.75,146.83,148.6,146.15,55802400,149.2875232
2021/8/30,149,153.49,148.61,153.12,150.6,90956700,152.9734553
2021/8/31,152.66,152.8,151.29,151.83,149.33,86453100,152.5618905
2021/9/1,152.83,154.98,152.34,152.51,150,80313700,154.2235954
2021/9/2,153.87,154.72,152.4,153.65,151.12,71115500,154.1650455
2021/9/3,153.76,154.63,153.09,154.3,151.76,57808700,155.0817299
2021/9/7,154.97,157.26,154.39,156.69,154.11,82278300,157.1902112
2021/9/8,156.98,157.04,153.98,155.11,152.56,74420200,155.2197957
2021/9/9,155.49,156.11,153.95,154.07,151.53,57305700,155.3661236
2021/9/10,155,155.48,148.7,148.97,146.52,140893200,149.3889823
2021/9/13,150.63,151.42,148.75,149.55,147.09,102404300,150.7244233
2021/9/14,150.35,151.07,146.91,148.12,145.68,109296300,148.6053267
2021/9/15,148.56,149.44,146.37,149.03,146.58,83281300,148.8563723
2021/9/16,148.44,148.97,147.22,148.79,146.34,68034100,149.2658395
2021/9/17,148.82,148.82,145.76,146.06,143.65,129868800,146.8866052
2021/9/20,143.8,144.84,141.27,142.94,140.59,123478900,143.5595434
2021/9/21,143.93,144.6,142.78,143.43,141.07,75834000,144.6452136
2021/9/22,144.45,146.43,143.7,145.85,143.45,76404300,146.4179315
2021/9/23,146.65,147.08,145.64,146.83,144.41,64838200,147.2727508
2021/9/24,145.66,147.47,145.56,146.92,144.5,53477900,147.8696492
2021/9/27,145.47,145.96,143.82,145.37,142.98,74150700,145.658109
2021/9/28,143.25,144.75,141.69,141.91,139.57,108972300,143.5747782
2021/9/29,142.47,144.45,142.03,142.83,140.48,74602000,144.4019536
2021/9/30,143.66,144.38,141.28,141.5,139.17,89056700,142.5810625
2021/10/1,141.9,142.92,139.11,142.65,140.3,94639600,141.7099276
2021/10/4,141.76,142.21,138.27,139.14,136.85,98322000,139.5252597
2021/10/5,139.49,142.24,139.36,141.11,138.79,80861100,142.3043333
2021/10/6,139.47,142.15,138.37,142,139.66,83221100,141.7957402
2021/10/7,143.06,144.22,142.72,143.29,140.93,61732700,144.431734
2021/10/8,144.03,144.18,142.56,142.9,140.55,58773200,143.6379341
2021/10/11,142.27,144.81,141.81,142.81,140.46,64452200,144.19019
2021/10/12,143.23,143.25,141.04,141.51,139.18,73035900,142.1639406
2021/10/13,141.24,141.4,139.2,140.91,138.59,78762700,141.002439
2021/10/14,142.11,143.88,141.51,143.76,141.39,69907100,144.1161606
2021/10/15,143.77,144.9,143.51,144.84,142.45,67940300,145.5601267
2021/10/18,143.45,146.84,143.16,146.55,144.14,85589200,146.7243936
2021/10/19,147.01,149.17,146.55,148.76,146.31,76378900,149.1241962
2021/10/20,148.7,149.75,148.12,149.26,146.8,58418800,149.9751699
2021/10/21,148.81,149.64,147.87,149.48,147.02,61421000,149.8827416
2021/10/22,149.69,150.18,148.64,148.69,146.24,58883400,149.9951338
2021/10/25,148.68,149.37,147.62,148.64,146.19,50720600,149.4973071
2021/10/26,149.33,150.84,149.01,149.32,146.86,60893400,150.9531403
2021/10/27,149.36,149.73,148.49,148.85,146.4,56094900,150.0254699
2021/10/28,149.82,153.17,149.72,152.57,150.06,100077900,153.2060611
2021/10/29,147.22,149.94,146.41,149.8,147.33,124953200,150.0950017
2021/11/1,148.99,149.7,147.8,148.96,146.51,74588300,149.8274243
2021/11/2,148.66,151.57,148.65,150.02,147.55,69122000,151.5931351
2021/11/3,150.39,151.97,149.82,151.49,148.99,54511500,152.2723655
2021/11/4,151.58,152.43,150.64,150.96,148.47,60394600,152.2050256
2021/11/5,151.89,152.2,150.06,151.28,149.01,65463900,151.6887787
2021/11/8,151.41,151.57,150.16,150.44,148.18,55020900,150.8715211
2021/11/9,150.2,151.43,150.06,150.81,148.54,56787900,151.5474933
2021/11/10,150.02,150.13,147.85,147.92,145.7,65187100,148.4315243
2021/11/11,148.96,149.43,147.68,147.87,145.65,41000000,148.51218
2021/11/12,148.43,150.4,147.48,149.99,147.74,63804000,150.0009359
2021/11/15,150.37,151.88,149.43,150,147.74,59222800,150.7068819
2021/11/16,149.94,151.49,149.34,151,148.73,59256200,151.2161978
2021/11/17,151,155,150.99,153.49,151.18,88807000,154.1728818
2021/11/18,153.71,158.67,153.05,157.87,155.5,137827700,157.6638424
2021/11/19,157.65,161.02,156.53,160.55,158.14,117305600,160.0455778
2021/11/22,161.68,165.7,161,161.02,158.6,117467900,162.7463891
2021/11/23,161.12,161.8,159.06,161.41,158.98,96041900,160.8596012
2021/11/24,160.75,162.14,159.64,161.94,159.51,69463600,161.8723572
2021/11/26,159.57,160.45,156.36,156.81,154.45,76959800,157.4382306
2021/11/29,159.37,161.19,158.79,160.24,157.83,88748200,160.8894252
2021/11/30,159.99,165.52,159.92,165.3,162.81,174048100,165.30221
2021/12/1,167.48,170.3,164.53,164.77,162.29,152052500,165.8042639
2021/12/2,158.74,164.2,157.8,163.76,161.3,136739200,163.5159703
2021/12/3,164.02,164.96,159.72,161.84,159.41,118023100,161.4721364
2021/12/6,164.29,167.88,164.28,165.32,162.83,107497000,166.7910709
2021/12/7,169.08,171.58,168.34,171.18,168.61,120405400,171.0112807
2021/12/8,172.13,175.96,170.7,175.08,172.45,116998900,174.4200246
2021/12/9,174.91,176.75,173.92,174.56,171.94,108923700,175.1774545
2021/12/10,175.21,179.63,174.69,179.45,176.75,115402700,179.0767648
2021/12/13,181.12,182.13,175.53,175.74,173.1,153237000,175.9833815
2021/12/14,175.25,177.74,172.21,174.33,171.71,139380400,174.7516153
2021/12/15,175.11,179.5,172.31,179.3,176.6,131063300,177.8791922
2021/12/16,179.28,181.14,170.75,172.26,169.67,150185800,172.1106509
2021/12/17,169.93,173.47,169.69,171.14,168.57,195432700,172.8558091
2021/12/20,168.28,170.58,167.46,169.75,167.2,107499100,170.4583468
2021/12/21,171.56,173.2,169.12,172.99,170.39,91185900,172.2185679
2021/12/22,173.04,175.86,172.15,175.64,173,92135300,175.4095405
2021/12/23,175.85,176.85,175.27,176.28,173.63,68356600,176.5875796
2021/12/27,177.09,180.42,177.07,180.33,177.62,74919600,180.3416803
2021/12/28,180.16,181.33,178.53,179.29,176.59,79144300,179.6800855
2021/12/29,179.33,180.63,178.14,179.38,176.68,62348900,179.7358873
2021/12/30,179.47,180.57,178.09,178.2,175.52,59773000,179.1007303
2021/12/31,178.09,179.23,177.26,177.57,174.9,64062300,178.5377418
2022/1/3,177.83,182.88,177.71,182.01,179.27,104487900,182.3691432
2022/1/4,182.63,182.94,179.12,179.7,177,99310400,179.7848735
2022/1/5,179.61,180.17,174.64,174.92,172.29,94537600,175.2697184
2022/1/6,172.7,175.3,171.64,172,169.41,96904000,173.7544612
2022/1/7,172.89,174.14,171.03,172.17,169.58,86709100,172.8807623
2022/1/10,169.08,172.5,168.17,172.19,169.6,106765600,172.3531038
2022/1/11,172.32,175.18,170.82,175.08,172.45,76138300,174.5014106
2022/1/12,176.12,177.18,174.82,175.53,172.89,74805200,175.9281087
2022/1/13,175.78,176.62,171.79,172.19,169.6,84505800,172.5099395
2022/1/14,171.34,173.78,171.09,173.07,170.47,80440800,173.7196227
2022/1/18,171.51,172.54,169.41,169.8,167.25,90956700,170.6343943
2022/1/19,170,171.08,165.94,166.23,163.73,94815000,166.9599701
2022/1/20,166.98,169.68,164.18,164.51,162.04,91420500,165.9123049
2022/1/21,164.42,166.33,162.3,162.41,159.97,122848900,163.7892762
2022/1/24,160.02,162.3,154.7,161.62,159.19,162294600,159.4664235
2022/1/25,158.98,162.76,157.02,159.78,157.38,115798400,160.4394287
2022/1/26,163.5,164.39,157.82,159.69,157.29,108275300,159.0932109
2022/1/27,162.45,163.84,158.28,159.22,156.83,121954600,159.4158308
2022/1/28,165.71,170.35,162.8,170.33,167.77,179935700,168.2377921
2022/1/31,170.16,175,169.51,174.78,172.15,115541600,173.9137214
2022/2/1,174.01,174.84,172.31,174.61,171.98,86213900,173.7750324
2022/2/2,174.75,175.88,173.33,175.84,173.2,84914300,175.2335542
2022/2/3,174.48,176.24,172.12,172.9,170.3,89418100,173.6177883
2022/2/4,171.68,174.1,170.68,172.39,170.01,82465400,173.221029
2022/2/7,172.86,173.95,170.95,171.66,169.29,77251200,172.3562024
2022/2/8,171.73,175.35,171.43,174.83,172.42,74829200,175.1924343
2022/2/9,176.05,176.65,174.9,176.28,173.85,71285000,176.2906547
2022/2/10,174.14,175.48,171.55,172.12,169.75,90865900,172.8601398
2022/2/11,172.33,173.08,168.04,168.64,166.32,98670700,169.1215608
2022/2/14,167.37,169.58,166.56,168.88,166.55,86185500,169.5442782
2022/2/15,170.97,172.95,170.25,172.79,170.41,62527400,172.9200624
2022/2/16,171.85,173.34,170.05,172.55,170.17,61177400,172.3207403
2022/2/17,171.03,171.91,168.47,168.88,166.55,69589300,169.4685566
2022/2/18,169.82,170.54,166.19,167.3,164.99,82772700,167.4502167
2022/2/22,164.98,166.69,162.15,164.32,162.06,91162800,164.6211551
2022/2/23,165.54,166.15,159.75,160.07,157.86,90009200,160.482964
2022/2/24,152.58,162.85,152,162.74,160.5,141147500,162.2557567
2022/2/25,163.84,165.12,160.87,164.85,162.58,91974200,163.6948721
2022/2/28,163.06,165.42,162.43,165.12,162.84,95056600,165.2171164
2022/3/1,164.7,166.6,161.97,163.2,160.95,83474400,163.5767748
2022/3/2,164.39,167.36,162.95,166.56,164.26,79724800,166.2733136
2022/3/3,168.47,168.91,165.55,166.23,163.94,76678400,166.2695513
2022/3/4,164.49,165.55,162.1,163.17,160.92,83737200,163.5561251
2022/3/7,163.36,165.02,159.04,159.3,157.1,96418800,160.1747665
2022/3/8,158.82,162.88,155.8,157.44,155.27,131148300,158.7824715
2022/3/9,161.48,163.41,159.41,162.95,160.7,91454900,162.3304294
2022/3/10,160.2,160.39,155.98,158.52,156.34,105342000,157.6740701
2022/3/11,158.93,159.28,154.5,154.73,152.6,96970100,155.0908347
2022/3/14,151.45,154.12,150.1,150.62,148.54,108732100,152.3083695
2022/3/15,150.9,155.57,150.38,155.09,152.95,92964300,155.3081823
2022/3/16,157.05,160,154.46,159.59,157.39,102300200,158.3160604
2022/3/17,158.61,161,157.63,160.62,158.41,75615400,160.2808162
2022/3/18,160.51,164.48,159.76,163.98,161.72,123511700,163.6164492
2022/3/21,163.51,166.35,163.01,165.38,163.1,95811400,165.6143903
2022/3/22,165.51,169.42,164.91,168.82,166.49,81532000,168.6466825
2022/3/23,167.99,172.64,167.65,170.21,167.86,98062700,171.0275643
2022/3/24,171.06,174.14,170.21,174.07,171.67,90131400,173.6173112
2022/3/25,173.88,175.28,172.75,174.72,172.31,80546200,174.6338266
2022/3/28,172.17,175.73,172,175.6,173.18,90371900,175.7834273
2022/3/29,176.69,179.01,176.34,178.96,176.49,100589400,179.0417926
2022/3/30,178.55,179.61,176.7,177.77,175.32,92633200,178.1183482
2022/3/31,177.84,178.03,174.4,174.61,172.2,103049300,175.0839762
2022/4/1,174.03,174.88,171.94,174.31,171.91,78751300,174.2526969
2022/4/4,174.57,178.49,174.44,178.44,175.98,76468400,178.7008716
2022/4/5,177.5,178.3,174.42,175.06,172.65,73401800,175.4928018
2022/4/6,172.36,173.63,170.13,171.83,169.46,89058800,172.2358316
2022/4/7,171.16,173.36,169.85,172.14,169.77,77594700,172.6480936
2022/4/8,171.78,171.78,169.2,170.09,167.75,76575500,170.3647175
2022/4/11,168.71,169.03,165.5,165.75,163.47,72246700,166.4230136
2022/4/12,168.02,169.87,166.64,167.66,165.35,79265200,168.5180926
2022/4/13,167.39,171.04,166.77,170.4,168.05,70618900,170.5518885
2022/4/14,170.62,171.27,165.04,165.29,163.01,75329400,165.4661723
2022/4/18,163.92,166.6,163.57,165.07,162.8,69023900,166.0985052
2022/4/19,165.02,167.82,163.91,167.4,165.09,67723800,167.2927199
2022/4/20,168.76,168.88,166.1,167.23,164.93,67929800,167.0475283
2022/4/21,168.91,171.53,165.91,166.42,164.13,87227800,167.3405475
2022/4/22,166.46,167.87,161.5,161.79,159.56,84882400,162.3997821
2022/4/25,161.12,163.17,158.46,162.88,160.64,96046400,162.0807512
2022/4/26,162.25,162.34,156.72,156.8,154.64,95623200,157.1497148
2022/4/27,155.91,159.79,155.38,156.57,154.41,88063200,158.3072729
2022/4/28,159.25,164.52,158.93,163.64,161.39,130216800,163.769292
2022/4/29,161.84,166.2,157.25,157.65,155.48,131747600,159.1576919
2022/5/2,156.71,158.23,153.27,157.96,155.78,123055300,156.6464069
2022/5/3,158.15,160.71,156.32,159.48,157.28,88966500,159.3321287
2022/5/4,159.67,166.48,159.26,166.02,163.73,108256500,165.586122
2022/5/5,163.85,164.08,154.95,156.77,154.61,130525300,155.6711065
2022/5/6,156.01,159.44,154.18,157.28,155.34,116124600,157.7536857
2022/5/9,154.93,155.83,151.49,152.06,150.19,131577900,152.8896568
2022/5/10,155.52,156.74,152.93,154.51,152.6,115366700,154.828086
2022/5/11,153.5,155.45,145.81,146.5,144.69,142689800,147.0190975
2022/5/12,142.77,146.2,138.8,142.56,140.8,182602000,142.9047068
2022/5/13,144.59,148.1,143.11,147.11,145.3,113990900,147.1386264
2022/5/16,145.55,147.52,144.18,145.54,143.75,86643800,146.2379328
2022/5/17,148.86,149.77,146.68,149.24,147.4,78336300,148.5262128
2022/5/18,146.85,147.36,139.9,140.82,139.08,109742900,140.5697468
2022/5/19,139.88,141.66,136.6,137.35,135.66,136095600,138.4030996
2022/5/20,139.09,140.7,132.61,137.59,135.89,137426100,136.015948
2022/5/23,137.79,143.26,137.65,143.11,141.35,117726300,143.1038207
2022/5/24,140.81,141.97,137.33,140.36,138.63,104132700,139.5030423
2022/5/25,138.43,141.79,138.34,140.52,138.79,92482700,141.2930836
2022/5/26,137.39,144.34,137.14,143.78,142.01,90601500,143.5962613
2022/5/27,145.39,149.68,145.26,149.64,147.79,90978500,149.3460059
2022/5/31,149.07,150.66,146.84,148.84,147,103718400,148.5474126
2022/6/1,149.9,151.74,147.68,148.71,146.88,74286600,149.0762494
2022/6/2,147.83,151.27,146.86,151.21,149.35,72348100,150.8164812
2022/6/3,146.9,147.97,144.46,145.38,143.59,88570300,145.9843008
2022/6/6,147.03,148.57,144.9,146.14,144.34,71598400,146.6693078
2022/6/7,144.35,149,144.1,148.71,146.88,67808200,148.8508911
2022/6/8,148.58,149.87,147.46,147.96,146.14,53950200,148.7293004
2022/6/9,147.08,147.95,142.53,142.64,140.88,69473000,143.2085387
2022/6/10,140.28,140.76,137.06,137.13,135.44,91437900,138.1022113
2022/6/13,132.87,135.2,131.44,131.88,130.25,122207100,133.7769255
2022/6/14,133.13,133.89,131.48,132.76,131.12,84784300,133.3337406
2022/6/15,134.29,137.34,132.16,135.43,133.76,91533000,135.4028844
2022/6/16,132.08,132.39,129.04,130.06,128.46,108123900,130.1941835
2022/6/17,130.07,133.08,129.81,131.56,129.94,134520300,132.5104972
2022/6/21,133.42,137.06,133.32,135.87,134.19,81000500,136.3709137
2022/6/22,134.79,137.76,133.91,135.35,133.68,73409200,136.0811035
2022/6/23,136.82,138.59,135.63,138.27,136.57,72433800,137.8240315
2022/6/24,139.9,141.91,139.77,141.66,139.91,89116800,141.7659787
2022/6/27,142.7,143.49,140.97,141.66,139.91,70207900,141.7908872
2022/6/28,142.13,143.42,137.32,137.44,135.75,67083400,137.8677126
2022/6/29,137.46,140.67,136.67,139.23,137.51,66242400,139.7572069
2022/6/30,137.25,138.37,133.77,136.72,135.03,98964500,136.1750867
2022/7/1,136.04,139.04,135.66,138.93,137.22,71051600,139.1175102
2022/7/5,137.77,141.61,136.93,141.56,139.81,73353800,141.1655304
2022/7/6,141.35,144.12,141.08,142.92,141.16,74064300,143.4892317
2022/7/7,143.29,146.55,143.28,146.35,144.55,66253700,146.4086081
2022/7/8,145.26,147.55,145,147.04,145.23,64547800,147.3407387
2022/7/11,145.67,146.64,143.78,144.87,143.08,63141600,145.1572016
2022/7/12,145.76,148.45,145.05,145.86,144.06,77588800,147.0409487
2022/7/13,142.99,146.45,142.12,145.49,143.7,71185600,145.8241956
2022/7/14,144.08,148.95,143.25,148.47,146.64,78140700,148.2605442
2022/7/15,149.78,150.86,148.2,150.17,148.32,76259900,149.9264361
2022/7/18,150.74,151.57,146.7,147.07,145.26,81420900,147.3587185
2022/7/19,147.92,151.23,146.91,151,149.14,82982400,150.7301213
2022/7/20,151.12,153.72,150.37,153.04,151.15,64823400,153.1462355
2022/7/21,154.5,155.57,151.94,155.35,153.43,65086600,154.2778513
2022/7/22,155.39,156.28,153.41,154.09,152.19,66675400,154.429675
2022/7/25,154.01,155.04,152.28,152.95,151.06,53623900,153.5403517
2022/7/26,152.26,153.09,150.8,151.6,149.73,55138700,152.2141575
2022/7/27,152.58,157.33,152.16,156.79,154.86,78620700,156.8528547
2022/7/28,156.98,157.64,154.41,157.35,155.41,81378700,156.4450146
2022/7/29,161.24,163.63,159.5,162.51,160.51,101786900,162.064656
2022/8/1,161.01,163.59,160.89,161.51,159.52,67829400,162.6239347
2022/8/2,160.1,162.41,159.63,160.01,158.04,59907000,161.3338584
2022/8/3,160.84,166.59,160.75,166.13,164.08,82507500,166.1319875
2022/8/4,166.01,167.19,164.43,165.81,163.77,55474100,165.9601559
2022/8/5,163.21,165.85,163,165.35,163.54,56697000,165.9094658
2022/8/8,166.37,167.81,164.2,164.87,163.06,60276900,165.5630443
2022/8/9,164.02,165.82,163.25,164.92,163.11,63135500,165.5780358
2022/8/10,167.68,169.34,166.9,169.24,167.39,70170500,169.2669458
2022/8/11,170.06,170.99,168.19,168.49,166.64,57149200,169.1073334
2022/8/12,169.82,172.17,169.4,172.1,170.21,68039400,172.195665
2022/8/15,171.52,173.39,171.35,173.19,171.29,54091700,173.5933358
2022/8/16,172.78,173.71,171.66,173.03,171.13,56377100,173.3232913
2022/8/17,172.77,176.15,172.57,174.55,172.64,79542000,175.5412595
2022/8/18,173.75,174.9,173.12,174.15,172.24,62290100,174.8363549
2022/8/19,173.03,173.74,171.31,171.52,169.64,70346300,172.4557694
2022/8/22,169.69,169.86,167.14,167.57,165.73,69026800,168.2982929
2022/8/23,167.08,168.71,166.65,167.23,165.4,54147100,168.5912745
2022/8/24,167.32,168.11,166.25,167.53,165.69,53841500,168.0519862
2022/8/25,168.78,170.14,168.35,170.03,168.17,51218200,170.4054545
2022/8/26,170.57,171.05,163.56,163.62,161.83,78961000,163.7992097
2022/8/29,161.15,162.9,159.82,161.38,159.61,73314000,162.247903
2022/8/30,162.13,162.56,157.72,158.91,157.17,77906200,159.0575651
2022/8/31,160.31,160.58,157.14,157.22,155.5,87991100,157.9750749
2022/9/1,156.64,158.42,154.67,157.96,156.23,74229900,157.6696117
2022/9/2,159.75,160.36,154.97,155.81,154.1,76957800,155.8238304
2022/9/6,156.47,157.09,153.69,154.53,152.84,73714800,154.8373307
2022/9/7,154.82,156.67,153.61,155.96,154.25,87449600,156.1001799
2022/9/8,154.64,156.36,152.68,154.46,152.77,84923800,154.7682212
2022/9/9,155.47,157.82,154.75,157.37,155.65,68028800,157.4655141
2022/9/12,159.59,164.26,159.3,163.43,161.64,104956000,163.4330853
2022/9/13,159.9,160.54,153.37,153.84,152.15,122656600,153.9203526
2022/9/14,154.79,157.1,153.61,155.31,153.61,87965400,156.0581878
2022/9/15,154.65,155.24,151.38,152.37,150.7,90481100,152.7218087
2022/9/16,151.21,151.35,148.37,150.7,149.05,162278800,150.4870263
2022/9/19,149.31,154.56,149.1,154.48,152.79,81474200,154.4931203
2022/9/20,153.4,158.08,153.08,156.9,155.18,107689800,157.3092461
2022/9/21,157.34,158.74,153.6,153.72,152.04,101696800,154.3709868
2022/9/22,152.38,154.47,150.91,152.74,151.07,86652500,153.2667634
2022/9/23,151.19,151.47,148.56,150.43,148.78,96029900,150.3402716
2022/9/26,149.66,153.77,149.64,150.77,149.12,93339400,152.6247911
2022/9/27,152.74,154.72,149.95,151.76,150.1,84442700,151.981642
2022/9/28,147.64,150.64,144.84,149.84,148.2,146691400,149.1416231
2022/9/29,146.1,146.72,140.68,142.48,140.92,128138200,142.3759075
2022/9/30,141.28,143.1,138,138.2,136.69,124925300,139.6514589
2022/10/3,138.21,143.07,137.69,142.45,140.89,114311700,142.847208
2022/10/4,145.03,146.22,144.26,146.1,144.5,87830100,146.1113747
2022/10/5,144.07,147.38,143.01,146.4,144.8,79471000,146.3063366
2022/10/6,145.81,147.54,145.22,145.43,143.84,68402200,146.4181362
2022/10/7,142.54,143.1,139.45,140.09,138.55,85925600,140.5605261
2022/10/10,140.42,141.89,138.57,140.42,138.88,74899000,140.7632151
2022/10/11,139.9,141.35,138.22,138.98,137.46,77033700,139.8348323
2022/10/12,139.13,140.36,138.16,138.34,136.82,70433700,139.3959617
2022/10/13,134.99,143.59,134.37,142.99,141.42,113224000,142.4754127
2022/10/14,144.31,144.52,138.19,138.38,136.86,88598000,138.2582539
2022/10/17,141.07,142.9,140.27,142.41,140.85,85250900,142.4967658
2022/10/18,145.49,146.7,140.61,143.75,142.17,99136600,142.5513227
2022/10/19,141.69,144.95,141.5,143.86,142.28,61758300,144.4875674
2022/10/20,143.02,145.89,142.65,143.39,141.82,64522000,144.649823
2022/10/21,142.87,147.85,142.65,147.27,145.66,86548600,147.3928437
2022/10/24,147.19,150.23,146,149.45,147.81,75981900,149.2153477
2022/10/25,150.09,152.49,149.36,152.34,150.67,74732300,152.0898984
2022/10/26,150.96,151.99,148.04,149.35,147.71,88194300,149.3899984
2022/10/27,148.07,149.05,144.13,144.8,143.21,109180200,145.3740235
2022/10/28,148.2,157.5,147.82,155.74,154.03,164762400,155.785479
2022/10/31,153.16,154.24,151.92,153.34,151.66,97943200,153.5538753
2022/11/1,155.08,155.45,149.13,150.65,149,80379300,150.0114221
2022/11/2,148.95,152.17,145,145.03,143.44,93604600,146.7015025
2022/11/3,142.06,142.8,138.75,138.88,137.36,97918500,140.1604368
2022/11/4,142.09,142.67,134.38,138.38,137.09,140814800,136.9229313
2022/11/7,137.11,139.15,135.67,138.92,137.63,83374600,138.949433
2022/11/8,140.41,141.43,137.49,139.5,138.2,89908500,139.1107134
2022/11/9,138.5,138.55,134.59,134.87,133.61,74917800,134.7849071
2022/11/10,141.24,146.87,139.5,146.87,145.5,118854000,145.5252593
2022/11/11,145.82,150.01,144.37,149.7,148.31,93979700,148.6733224
2022/11/14,148.97,150.28,147.43,148.28,146.9,73374100,148.2516929
2022/11/15,152.22,153.59,148.56,150.04,148.64,89868300,149.4854746
2022/11/16,149.13,149.87,147.29,148.79,147.4,64218300,148.8048586
2022/11/17,146.43,151.48,146.15,150.72,149.32,80389400,151.0655418
2022/11/18,152.31,152.7,149.97,151.29,149.88,74829600,151.0320883
2022/11/21,150.16,150.37,147.72,148.01,146.63,58724100,148.2734315
2022/11/22,148.13,150.42,146.93,150.18,148.78,51804100,150.0691746
2022/11/23,149.45,151.83,149.34,151.07,149.66,58301400,151.6799659
2022/11/25,148.31,148.88,147.12,148.11,146.73,35195900,148.438362
2022/11/28,145.14,146.64,143.38,144.22,142.88,69246000,144.9624521
2022/11/29,144.29,144.81,140.35,141.17,139.85,83763800,141.3664564
2022/11/30,141.4,148.72,140.55,148.03,146.65,111380900,147.849218
2022/12/1,148.21,149.13,146.61,148.31,146.93,71250400,148.0473601
2022/12/2,145.96,148,145.65,147.81,146.43,65447400,147.9743973
2022/12/5,147.77,150.92,145.77,146.63,145.26,68826400,147.3352159
2022/12/6,147.07,147.3,141.92,142.91,141.58,64727200,142.524176
2022/12/7,142.19,143.37,140,140.94,139.63,69721100,141.4639422
2022/12/8,142.36,143.52,141.1,142.65,141.32,62128300,142.8862191
2022/12/9,142.34,145.57,140.9,142.16,140.84,76097000,142.9443457
2022/12/12,142.7,144.5,141.06,144.49,143.14,70462700,143.9017041
2022/12/13,149.5,149.97,144.24,145.47,144.11,93886200,144.5103239
2022/12/14,145.35,146.66,141.16,143.21,141.88,82291200,142.6498383
2022/12/15,141.11,141.8,136.03,136.5,135.23,98931900,136.6140915
2022/12/16,136.69,137.65,133.73,134.51,133.26,160156900,135.1436248
2022/12/19,135.11,135.2,131.32,132.37,131.14,79592600,132.3674153
2022/12/20,131.39,133.25,129.89,132.3,131.07,77432800,132.4867228
2022/12/21,132.98,136.81,132.75,135.45,134.19,85928000,135.9040289
2022/12/22,134.35,134.56,130.3,132.23,131,77852100,131.411387
2022/12/23,130.92,132.42,129.64,131.86,130.63,63814900,131.8190193
2022/12/27,131.38,131.41,128.72,130.03,128.82,69007800,129.7681923
2022/12/28,129.67,131.03,125.87,126.04,124.87,85438400,126.5370901
2022/12/29,127.99,130.48,127.73,129.61,128.4,75703700,130.1318963
2022/12/30,128.41,129.95,127.43,129.93,128.72,77034200,129.7904496
2023/1/3,130.28,130.9,124.17,125.07,123.9,112117500,124.5052571
2023/1/4,126.89,128.66,125.08,126.36,125.18,89113600,126.6314977
2023/1/5,127.13,127.77,124.76,125.02,123.86,80962700,125.3171438
2023/1/6,126.01,130.29,124.89,129.62,128.41,87754700,129.2888614
2023/1/9,130.47,133.41,129.89,130.15,128.94,70790800,130.9935641
2023/1/10,130.26,131.26,128.12,130.73,129.51,63896200,130.0450851
2023/1/11,131.25,133.51,130.46,133.49,132.25,69458900,133.1874331
2023/1/12,133.88,134.26,131.44,133.41,132.17,71379600,132.7960427
2023/1/13,132.03,134.92,131.66,134.76,133.5,57809700,134.8274905
2023/1/17,134.83,137.29,134.13,135.94,134.67,63646600,136.2740328
2023/1/18,136.82,138.61,135.03,135.21,133.95,69672800,135.8415443
2023/1/19,134.08,136.25,133.77,135.27,134.01,58280400,135.8915571
2023/1/20,135.28,138.02,134.22,137.87,136.59,80223600,137.6536727
2023/1/23,138.12,143.32,137.9,141.11,139.8,81760300,141.6899445
2023/1/24,140.31,143.16,140.3,142.53,141.2,66435100,142.8693758
2023/1/25,140.89,142.43,138.81,141.86,140.54,65799300,141.3444779
2023/1/26,143.17,144.25,141.9,143.96,142.62,54105100,143.7931928
2023/1/27,143.16,147.23,143.08,145.93,144.57,70555800,146.5230823
2023/1/30,144.96,145.55,142.85,143,141.67,64015300,143.4162417
2023/1/31,142.7,144.34,142.28,144.29,142.95,65874500,144.6270508
2023/2/1,143.97,146.61,141.32,145.43,144.07,77663600,144.8556546
2023/2/2,148.9,151.18,148.17,150.82,149.41,118339000,150.7293501
2023/2/3,148.03,157.38,147.83,154.5,153.06,154357300,154.922443
2023/2/6,152.57,153.1,150.78,151.73,150.32,69858300,151.6945671
2023/2/7,150.64,155.23,150.64,154.65,153.21,83322600,154.9989037
2023/2/8,153.88,154.58,151.17,151.92,150.5,64120100,152.101486
2023/2/9,153.78,154.33,150.42,150.87,149.46,56007100,151.0443942
2023/2/10,149.46,151.34,149.22,151.01,149.83,57450700,151.6606706
2023/2/13,150.95,154.26,150.92,153.85,152.65,62199000,154.3290912
2023/2/14,152.12,153.77,150.86,153.2,152,61707600,153.2031429
2023/2/15,153.11,155.5,152.88,155.33,154.12,65573800,155.5748755
2023/2/16,153.51,156.33,153.35,153.71,152.51,68167900,154.9604459
2023/2/17,152.35,153,150.85,152.55,151.36,59144100,152.6543722
2023/2/21,150.2,151.3,148.41,148.48,147.32,58867200,149.4118249
2023/2/22,148.87,149.95,147.16,148.91,147.75,51011300,149.168124
2023/2/23,150.09,150.34,147.24,149.4,148.23,48394200,148.8903041
2023/2/24,147.11,147.19,145.72,146.71,145.56,55469600,146.9196963
2023/2/27,147.71,149.17,147.45,147.92,146.77,44998500,148.6909538
2023/2/28,147.05,149.08,146.83,147.41,146.26,50547000,148.3236252
2023/3/1,146.83,147.23,145.01,145.31,144.18,55479000,145.6954017
2023/3/2,144.38,146.71,143.9,145.91,144.77,52238100,146.3974762
2023/3/3,148.04,151.11,147.33,151.03,149.85,70732300,150.7969421
2023/3/6,153.79,156.3,153.46,153.83,152.63,87558000,154.520169
2023/3/7,153.7,154.03,151.13,151.6,150.42,56182000,151.4674634
2023/3/8,152.81,153.47,151.83,152.87,151.68,47204800,152.9852767
2023/3/9,153.56,154.54,150.23,150.59,149.41,53833600,150.8394615
2023/3/10,150.21,150.94,147.61,148.5,147.34,68572400,148.8052422
2023/3/13,147.81,153.14,147.7,150.47,149.3,84457100,151.6577908
2023/3/14,151.28,153.4,150.1,152.59,151.4,73695900,152.6308666
2023/3/15,151.19,153.25,149.92,152.99,151.8,77167900,152.7673984
2023/3/16,152.16,156.46,151.64,155.85,154.63,76161100,155.8496288
2023/3/17,156.08,156.74,154.28,155,153.79,98944600,155.1680657
2023/3/20,155.07,157.82,154.15,157.4,156.17,73641400,157.3626689
2023/3/21,157.32,159.4,156.54,159.28,158.04,73938300,159.2419551
2023/3/22,159.3,162.14,157.81,157.83,156.6,75701800,158.958142
2023/3/23,158.83,161.55,157.68,158.93,157.69,67622100,159.627417
2023/3/24,158.86,160.34,157.85,160.25,159,59196500,160.2361763
2023/3/27,159.94,160.77,157.87,158.28,157.04,52390300,158.7089421
2023/3/28,157.97,158.49,155.98,157.65,156.42,45992200,157.5996004
2023/3/29,159.37,161.05,159.35,160.77,159.52,51305700,161.3076856
2023/3/30,161.53,162.47,161.27,162.36,161.09,49501700,162.6986229
2023/3/31,162.44,165,161.91,164.9,163.61,68749800,164.867664
2023/4/3,164.27,166.29,164.22,166.17,164.87,56976200,166.4604977
2023/4/4,166.6,166.84,165.11,165.63,164.34,46278300,165.82298
2023/4/5,164.74,165.05,161.8,163.76,162.48,51511700,163.4123368
2023/4/6,162.43,164.96,162,164.66,163.37,45390100,165.1309894
2023/4/10,161.42,162.03,160.08,162.03,160.77,47716900,162.2017011
2023/4/11,162.35,162.36,160.51,160.8,159.54,47644200,161.2373583
2023/4/12,161.22,162.06,159.78,160.1,158.85,50133100,160.774941
2023/4/13,161.63,165.8,161.42,165.56,164.27,68445600,165.6846925
2023/4/14,164.59,166.32,163.82,165.21,163.92,49386500,165.4954558
2023/4/17,165.09,165.39,164.03,165.23,163.94,41516200,165.2103318
2023/4/18,166.1,167.41,165.65,166.47,165.17,49923000,166.9900529
2023/4/19,165.8,168.16,165.54,167.63,166.32,47720200,168.0898159
2023/4/20,166.09,167.87,165.56,166.65,165.35,52456400,167.3340627
2023/4/21,165.05,166.45,164.49,165.02,163.73,58337300,165.9115099
2023/4/24,165,165.6,163.89,165.33,164.04,41949600,165.5454002
2023/4/25,165.19,166.31,163.73,163.77,162.49,48714100,164.5915744
2023/4/26,163.06,165.28,162.8,163.76,162.48,45498800,164.7286891
2023/4/27,165.19,168.56,165.19,168.41,167.1,64902300,168.6527763
2023/4/28,168.49,169.85,167.88,169.68,168.36,55209200,169.7265034
2023/5/1,169.28,170.45,168.64,169.59,168.27,52472900,169.955778
2023/5/2,170.09,170.35,167.54,168.54,167.22,48425700,168.4453556
2023/5/3,169.5,170.92,167.16,167.45,166.14,65136000,168.1027036
2023/5/4,164.89,167.04,164.31,165.79,164.5,81235400,166.707063
2023/5/5,170.98,174.3,170.76,173.57,172.22,113316400,173.8809768
2023/5/8,172.48,173.85,172.11,173.5,172.15,55962800,173.734869
2023/5/9,173.05,173.54,171.6,171.77,170.43,45326900,172.1401113
2023/5/10,173.02,174.03,171.9,173.56,172.21,53724500,173.6213809
2023/5/11,173.85,174.59,172.17,173.75,172.39,49514700,173.7990717
2023/5/12,173.62,174.06,171,172.57,171.46,45497800,172.4540176
2023/5/15,173.16,173.21,171.47,172.07,170.96,37266700,172.3648948
2023/5/16,171.99,173.14,171.8,172.07,170.96,42110300,173.0732437
2023/5/17,171.71,172.93,170.42,172.69,171.58,57951600,172.7589474
2023/5/18,173,175.24,172.58,175.05,173.92,65496700,175.3153686
2023/5/19,176.39,176.39,174.94,175.16,174.03,55772400,175.4017927
2023/5/22,173.98,174.71,173.45,174.2,173.08,43570900,174.7585428
2023/5/23,173.13,173.38,171.28,171.56,170.46,50747300,172.1038631
2023/5/24,171.09,172.42,170.52,171.84,170.73,45143500,172.5452905
2023/5/25,172.41,173.9,171.69,172.99,171.88,56058300,173.5524455
2023/5/26,173.32,175.77,173.11,175.43,174.3,54835000,175.8104408
2023/5/30,176.96,178.99,176.57,177.3,176.16,55964400,177.9725088
2023/5/31,177.33,179.35,176.76,177.25,176.11,99625300,178.1297219
2023/6/1,177.7,180.12,176.93,180.09,178.93,68901800,180.0375436
2023/6/2,181.03,181.78,179.26,180.95,179.79,61945900,180.8289489
2023/6/5,182.63,184.95,178.04,179.58,178.42,121946500,179.6195312
2023/6/6,179.97,180.12,177.43,179.21,178.06,64848400,179.0085884
2023/6/7,178.44,181.21,177.32,177.82,176.68,61944600,179.122412
2023/6/8,177.9,180.84,177.46,180.57,179.41,50214900,180.9369684
2023/6/9,181.5,182.23,180.63,180.96,179.8,48870700,181.5308932
2023/6/12,181.27,183.89,180.97,183.79,182.61,54274900,183.9995246
2023/6/13,182.8,184.15,182.44,183.31,182.13,54929100,183.9534365
2023/6/14,183.37,184.39,182.02,183.95,182.77,57462900,184.0255284
2023/6/15,183.96,186.52,183.78,186.01,184.81,65433200,186.5621412
2023/6/16,186.73,186.99,184.27,184.92,183.73,101235600,185.1375035
2023/6/20,184.41,186.1,184.41,185.01,183.82,49799100,186.0533774
2023/6/21,184.9,185.41,182.59,183.96,182.78,49515700,184.0652695
2023/6/22,183.74,187.05,183.67,187,185.8,51245300,187.4323843
2023/6/23,185.55,187.56,185.01,186.68,185.48,53079300,187.2542194
2023/6/26,186.83,188.05,185.23,185.27,184.08,48088700,186.0776783
2023/6/27,185.89,188.39,185.67,188.06,186.85,50730800,188.5355799
2023/6/28,187.93,189.9,187.6,189.25,188.03,51216800,189.8190136
2023/6/29,189.08,190.07,188.94,189.59,188.37,46347300,190.2754991
2023/6/30,191.63,194.48,191.26,193.97,192.72,85069600,194.2323793
2023/7/3,193.78,193.88,191.76,192.46,191.22,31458200,192.5163362
2023/7/5,191.57,192.98,190.62,191.33,190.1,46920300,192.1193598
2023/7/6,189.84,192.02,189.2,191.81,190.58,45094300,192.2367255
2023/7/7,191.41,192.67,190.24,190.68,189.45,46778000,191.5778527
2023/7/10,189.26,189.99,187.04,188.61,187.4,59922200,188.8651194
2023/7/11,189.16,189.3,186.6,188.08,186.87,46638100,188.0708359
2023/7/12,189.68,191.7,188.47,189.77,188.55,60750200,190.4307198
2023/7/13,190.5,191.19,189.78,190.54,189.31,41342300,190.9993247
2023/7/14,190.23,191.18,189.63,190.69,189.46,41573900,191.1312072
2023/7/17,191.9,194.32,191.81,193.99,192.74,50520200,194.4030683
2023/7/18,193.35,194.33,192.42,193.73,192.48,48353800,194.0096558
2023/7/19,193.1,198.23,192.65,195.1,193.84,80507300,196.2149683
2023/7/20,195.09,196.47,192.5,193.13,191.89,59581200,193.6168589
2023/7/21,194.1,194.97,191.23,191.94,190.71,71917800,192.3301954
2023/7/24,193.41,194.91,192.25,192.75,191.51,45377800,193.5938752
2023/7/25,193.33,194.44,192.92,193.62,192.37,37283200,194.3617061
2023/7/26,193.67,195.64,193.32,194.5,193.25,47471900,195.2398344
2023/7/27,196.02,197.2,192.55,193.22,191.98,47460200,193.3978339
2023/7/28,194.67,196.63,194.14,195.83,194.57,48291400,196.3428516
2023/7/31,196.06,196.49,195.26,196.45,195.19,38824100,196.6865921
2023/8/1,196.24,196.73,195.28,195.61,194.35,35175100,196.2084959
2023/8/2,195.04,195.18,191.85,192.58,191.34,50389300,192.7313327
2023/8/3,191.57,192.37,190.69,191.17,189.94,61235200,192.136312
2023/8/4,185.52,187.38,181.92,181.99,180.82,115799700,183.3768978
2023/8/7,182.13,183.13,177.35,178.85,177.7,97576100,179.1990616
2023/8/8,179.69,180.27,177.58,179.8,178.64,67823000,179.9049002
2023/8/9,180.87,180.93,177.01,178.19,177.04,60378500,177.9978148
2023/8/10,179.48,180.75,177.6,177.97,176.83,54686900,178.5199987
2023/8/11,177.32,178.62,176.55,177.79,176.88,51988100,178.2641754
2023/8/14,177.97,179.69,177.31,179.46,178.55,43675600,179.6505683
2023/8/15,178.88,179.48,177.05,177.45,176.55,43622600,177.8313716
2023/8/16,177.13,178.54,176.5,176.57,175.67,46964900,177.5854418
2023/8/17,177.14,177.51,173.48,174,173.11,66062900,174.1552261
2023/8/18,172.3,175.1,171.96,174.49,173.6,61114200,175.1839522
2023/8/21,175.07,176.13,173.74,175.84,174.94,46311900,175.8170376
2023/8/22,177.06,177.68,176.25,177.23,176.33,42084200,177.4492495
2023/8/23,178.52,181.55,178.33,181.12,180.2,52722800,181.283422
2023/8/24,180.67,181.1,176.01,176.38,175.48,54945800,176.2361033
2023/8/25,177.38,179.15,175.82,178.61,177.7,51449600,178.5548741
2023/8/28,180.09,180.59,178.55,180.19,179.27,43820700,180.1287639
2023/8/29,179.7,184.9,179.5,184.12,183.18,53003900,184.3985595
2023/8/30,184.94,187.85,184.74,187.65,186.69,60813900,187.7234071
2023/8/31,187.84,189.12,187.48,187.87,186.91,60794500,188.5187093
2023/9/1,189.49,189.92,188.28,189.46,188.5,45732600,189.5026371
2023/9/5,188.28,189.98,187.61,189.7,188.73,45280000,190.0520249
2023/9/6,188.4,188.85,181.47,182.91,181.98,81755800,182.4695251
2023/9/7,175.18,178.21,173.54,177.56,176.66,112488800,178.3174118
2023/9/8,178.35,180.24,177.79,178.18,177.27,65551300,179.7276372
2023/9/11,180.07,180.3,177.34,179.36,178.45,58953100,179.1710569
2023/9/12,179.49,180.13,174.82,176.3,175.4,90370200,176.0244729
2023/9/13,176.51,177.3,173.98,174.21,173.32,84267900,174.8107853
2023/9/14,174,176.1,173.58,175.74,174.85,60895800,176.3058122
2023/9/15,176.48,176.5,173.82,175.01,174.12,109205100,174.9678716
2023/9/18,176.48,179.38,176.17,177.97,177.06,67257600,178.6293922
2023/9/19,177.52,179.63,177.13,179.07,178.16,51826900,179.4080415
2023/9/20,179.26,179.7,175.4,175.49,174.6,58436200,175.6359447
2023/9/21,174.55,176.3,173.86,173.93,173.04,63047900,175.1746321
2023/9/22,174.67,177.08,174.05,174.79,173.9,56725400,175.914062
2023/9/25,174.2,176.97,174.15,176.08,175.18,46172700,176.8633483
2023/9/26,174.82,175.2,171.66,171.96,171.08,64588900,172.2726702
2023/9/27,172.62,173.04,169.05,170.43,169.56,66921800,170.3605456
2023/9/28,169.34,172.03,167.62,170.69,169.82,56294400,170.9333923
2023/9/29,172.02,173.07,170.34,171.21,170.34,51814200,171.6319569
2023/10/2,171.22,174.3,170.93,173.75,172.87,52164500,174.0975046
2023/10/3,172.26,173.63,170.82,172.4,171.52,49594600,172.611129
2023/10/4,171.09,174.21,170.97,173.66,172.78,53020300,174.1949851
2023/10/5,173.79,175.45,172.68,174.91,174.02,48527900,174.9926701
2023/10/6,173.8,177.99,173.18,177.49,176.59,57224100,177.5602243
2023/10/9,176.81,179.05,175.8,178.99,178.08,42390800,178.7956766
2023/10/10,178.1,179.72,177.95,178.39,177.48,43698000,179.2975218
2023/10/11,178.2,179.85,177.6,179.8,178.88,47551100,180.0553655
2023/10/12,180.07,182.34,179.04,180.71,179.79,56743100,181.255107
2023/10/13,181.42,181.93,178.14,178.85,177.94,51427100,178.9547336
2023/10/16,176.75,179.08,176.51,178.72,177.81,52517000,179.4486174
2023/10/17,176.65,178.42,174.8,177.15,176.25,57549400,177.4717187
2023/10/18,175.58,177.58,175.11,175.84,174.94,54764400,177.0492799
2023/10/19,176.04,177.84,175.19,175.46,174.57,59302900,176.6160412
2023/10/20,175.31,175.42,172.64,172.88,172,64189300,173.3234087
2023/10/23,170.91,174.01,169.93,173,172.12,55980100,173.5107018
2023/10/24,173.05,173.67,171.45,173.44,172.56,43816600,173.4019612
2023/10/25,171.88,173.06,170.65,171.1,170.23,57157000,171.9068961
2023/10/26,170.37,171.38,165.67,166.89,166.04,70625300,166.8907377
2023/10/27,166.91,168.96,166.83,168.22,167.36,58499100,169.1564892
2023/10/30,169.02,171.17,168.87,170.29,169.42,51131000,171.0067027
2023/10/31,169.35,170.9,167.9,170.77,169.9,44846000,170.4852119
2023/11/1,171,174.23,170.12,173.97,173.08,56934900,173.7280901
2023/11/2,175.52,177.78,175.46,177.57,176.67,77334800,177.770604
2023/11/3,174.24,176.82,173.35,176.65,175.75,79763700,176.5504692
2023/11/6,176.38,179.43,176.21,179.23,178.32,63841300,179.3568724
2023/11/7,179.18,182.44,178.97,181.82,180.89,70530000,182.0169279
2023/11/8,182.35,183.45,181.59,182.89,181.96,49340300,182.9699581
2023/11/9,182.96,184.12,181.81,182.41,181.48,53763500,182.7462534
2023/11/10,183.97,186.57,183.53,186.4,185.7,66133400,186.4833881
2023/11/13,185.82,186.03,184.21,184.8,184.1,43627500,184.9367028
2023/11/14,187.7,188.11,186.3,187.44,186.73,60108400,187.4446611
2023/11/15,187.85,189.5,187.78,188.01,187.3,53790500,188.7819107
2023/11/16,189.57,190.96,188.65,189.71,188.99,54412900,190.0649675
2023/11/17,190.25,190.38,188.57,189.69,188.97,50922700,189.6914635
2023/11/20,189.89,191.91,189.88,191.45,190.73,46505100,191.9730374
2023/11/21,191.41,191.52,189.74,190.64,189.92,38134500,190.7521771
2023/11/22,191.49,192.93,190.83,191.31,190.59,39617700,191.9699726
2023/11/24,190.87,190.9,189.25,189.97,189.25,24048300,190.2044359
2023/11/27,189.92,190.67,188.9,189.79,189.07,40552600,190.2554669
2023/11/28,189.78,191.08,189.4,190.4,189.68,38415400,190.9936768
2023/11/29,190.9,192.09,188.97,189.37,188.65,43014200,189.8930174
2023/11/30,189.84,190.32,188.19,189.95,189.23,48794400,189.9776804
2023/12/1,190.33,191.56,189.23,191.24,190.52,45679300,191.360009
2023/12/4,189.98,190.05,187.45,189.43,188.71,43389500,189.2052041
2023/12/5,190.21,194.4,190.18,193.42,192.69,66628400,193.9297788
2023/12/6,194.45,194.76,192.11,192.32,191.59,41089700,192.4872798
2023/12/7,193.63,195,193.59,194.27,193.54,47477700,194.8378725
2023/12/8,194.2,195.99,193.67,195.71,194.97,53377300,195.9162505
2023/12/11,193.11,193.49,191.42,193.18,192.45,60943700,193.1908242
2023/12/12,193.08,194.72,191.72,194.71,193.97,52696900,194.6427953
2023/12/13,195.09,198,194.85,197.96,197.21,70404200,198.1845377
2023/12/14,198.02,199.62,196.16,198.11,197.36,66831600,198.1450314
2023/12/15,197.53,198.4,197,197.57,196.82,128256700,198.1412316
2023/12/18,196.09,196.63,194.39,195.89,195.15,55751900,196.0464031
2023/12/19,196.16,196.95,195.89,196.94,196.2,40714100,197.4444389
2023/12/20,196.9,197.68,194.83,194.83,194.09,52242800,195.418063
2023/12/21,196.1,197.08,193.5,194.68,193.94,46482500,194.8797324
2023/12/22,195.18,195.41,192.97,193.6,192.87,37122800,193.8620879
2023/12/26,193.61,193.89,192.83,193.05,192.32,28919300,193.6240786
2023/12/27,192.49,193.5,191.09,193.15,192.42,48087700,193.2813026
2023/12/28,194.14,194.66,193.17,193.58,192.85,34049900,194.0175405
2023/12/29,193.9,194.4,191.73,192.53,191.8,42628800,192.7054782
2024/1/2,187.15,188.44,183.89,185.64,184.94,82488700,185.9752839
2024/1/3,184.22,185.88,183.43,184.25,183.55,58414500,185.2260008
2024/1/4,182.15,183.09,180.88,181.91,181.22,71983600,182.5878995
2024/1/5,181.99,182.76,180.17,181.18,180.5,62303300,181.6026935
2024/1/8,182.09,185.6,181.5,185.56,184.86,59144500,185.6039037
2024/1/9,183.92,185.15,182.73,185.14,184.44,42841800,185.027163
2024/1/10,184.35,186.4,183.92,186.19,185.49,46792900,186.3565147
2024/1/11,186.54,187.05,183.62,185.59,184.89,49128400,185.2023723
2024/1/12,186.06,186.74,185.19,185.92,185.22,40444700,186.2393322
2024/1/16,182.16,184.26,180.93,183.63,182.94,65603000,183.8504076
2024/1/17,181.27,182.93,180.3,182.68,181.99,47317400,182.9439352
2024/1/18,186.09,189.14,185.83,188.63,187.92,78005800,188.8631079
2024/1/19,189.33,191.95,188.82,191.56,190.84,68741000,191.5528107
2024/1/22,192.3,195.33,192.26,193.89,193.16,60133900,194.276354
2024/1/23,195.02,195.75,193.83,195.18,194.44,42355600,195.0548595
2024/1/24,195.42,196.38,194.34,194.5,193.76,53631300,194.97436
2024/1/25,195.22,196.27,193.11,194.17,193.44,54822100,194.3919573
2024/1/26,194.27,194.76,191.94,192.42,191.69,44594000,192.7613607
2024/1/29,192.01,192.2,189.58,191.73,191.01,47145600,191.5795076
2024/1/30,190.94,191.8,187.47,188.04,187.33,55859400,188.4284249
2024/1/31,187.04,187.1,184.35,184.4,183.7,55467800,184.9838844
2024/2/1,183.99,186.95,183.82,186.86,186.15,64885400,187.4472552
2024/2/2,179.86,187.33,179.25,185.85,185.15,102518000,186.4341002
2024/2/5,188.15,189.25,185.84,187.68,186.97,69668800,187.637979
2024/2/6,186.86,189.31,186.77,189.3,188.58,43490800,189.602056
2024/2/7,190.64,191.05,188.61,189.41,188.69,53439000,189.4506251
2024/2/8,189.39,189.54,187.35,188.32,187.61,40962000,188.3231163
2024/2/9,188.65,189.99,188,188.85,188.38,45155200,189.3756581
2024/2/12,188.42,188.67,186.79,187.15,186.68,41781900,187.5052009
2024/2/13,185.77,186.21,183.51,185.04,184.58,56529500,185.1434539
2024/2/14,185.32,185.53,182.44,184.15,183.69,54630500,184.04963
2024/2/15,183.55,184.49,181.35,183.86,183.4,65434500,183.7947043
2024/2/16,183.42,184.85,181.67,182.31,181.85,49701400,182.8960624
2024/2/20,181.79,182.43,180,181.56,181.1,53665600,181.7288835
2024/2/21,181.94,182.89,180.66,182.32,181.86,41529700,182.5261964
2024/2/22,183.48,184.96,182.46,184.37,183.91,52292200,184.5242118
2024/2/23,185.01,185.04,182.23,182.52,182.06,45119700,182.5949432
2024/2/26,182.24,182.76,180.65,181.16,180.71,40867400,181.524418
2024/2/27,181.1,183.92,179.56,182.63,182.17,54318900,182.756671
2024/2/28,182.51,183.12,180.13,181.42,180.96,48953900,181.456496
2024/2/29,181.27,182.57,179.53,180.75,180.3,136682600,181.1411101
2024/3/1,179.55,180.53,177.38,179.66,179.21,73488000,179.6108912
2024/3/4,176.15,176.9,173.79,175.1,174.66,81510100,175.4625385
2024/3/5,170.76,172.04,169.62,170.12,169.69,95132400,171.188091
2024/3/6,171.06,171.24,168.68,169.12,168.7,68587700,169.6422871
2024/3/7,169.15,170.73,168.49,169,168.58,71765100,169.9179407
2024/3/8,169,173.7,168.94,170.73,170.3,76114600,171.8451671
2024/3/11,172.94,174.38,172.05,172.75,172.32,60139500,173.1336228
2024/3/12,173.15,174.03,171.01,173.23,172.8,59825400,172.9086237
2024/3/13,172.77,173.19,170.76,171.13,170.7,52488700,171.344671
2024/3/14,172.91,174.31,172.05,173,172.57,72913500,173.4108134
2024/3/15,171.17,172.62,170.29,172.62,172.19,121664700,172.7896305
2024/3/18,175.57,177.71,173.52,173.72,173.28,75604200,174.268265
2024/3/19,174.34,176.61,173.03,176.08,175.64,55215200,175.9244017
2024/3/20,175.72,178.67,175.09,178.67,178.22,53423100,178.5678977
2024/3/21,177.05,177.49,170.84,171.37,170.94,106181300,171.1589263
2024/3/22,171.76,173.05,170.06,172.28,171.85,71106600,172.4582805
2024/3/25,170.57,171.94,169.45,170.85,170.42,54288300,171.4074944
2024/3/26,170,171.42,169.58,169.71,169.28,57388400,170.7078216
2024/3/27,170.41,173.6,170.11,173.31,172.88,60273300,173.6102255
2024/3/28,171.75,172.23,170.51,171.48,171.05,65672700,171.7444845
2024/4/1,171.19,171.25,169.48,170.03,169.6,46240500,170.2754109
2024/4/2,169.08,169.34,168.23,168.84,168.42,49329500,169.3037426
2024/4/3,168.79,170.68,168.58,169.65,169.22,47691700,170.3891136
2024/4/4,170.29,171.92,168.82,168.82,168.4,53704400,169.5596886
2024/4/5,169.59,170.39,168.95,169.58,169.15,42055200,170.0280684
2024/4/8,169.03,169.2,168.24,168.45,168.03,37425500,168.891569
2024/4/9,168.7,170.08,168.35,169.67,169.24,42451200,170.0766256
2024/4/10,168.8,169.09,167.11,167.78,167.36,49709300,168.0028499
2024/4/11,168.34,175.46,168.16,175.04,174.6,91070300,175.0447908
2024/4/12,174.26,178.36,174.21,176.55,176.11,101593300,177.0861252
2024/4/15,175.36,176.63,172.5,172.69,172.26,73531800,173.0219695
2024/4/16,171.75,173.76,168.27,169.38,168.96,73711200,169.7660175
2024/4/17,169.61,170.65,168,168,167.58,50901200,168.8192611
2024/4/18,168.03,168.64,166.55,167.04,166.62,43122900,167.6207114
2024/4/19,166.21,166.4,164.08,165,164.59,67772100,165.2914182
2024/4/22,165.52,167.26,164.77,165.84,165.42,48116400,166.4741542
2024/4/23,165.35,167.05,164.92,166.9,166.48,49537800,167.2367672
2024/4/24,166.54,169.3,166.21,169.02,168.6,48251800,169.2588865
2024/4/25,169.53,170.61,168.15,169.89,169.46,50558300,169.8490069
2024/4/26,169.88,171.34,169.18,169.3,168.88,44838400,169.9512975
2024/4/29,173.37,176.03,173.1,173.5,173.06,68169400,174.2341872
2024/4/30,173.33,174.99,170,170.33,169.9,65934800,170.6514177
2024/5/1,169.58,172.71,169.11,169.3,168.88,50383100,170.4562405
2024/5/2,172.51,173.42,170.89,173.03,172.6,94214900,172.869387
2024/5/3,186.65,187,182.66,183.38,182.92,163224100,182.6482962
2024/5/6,182.35,184.2,180.42,181.71,181.25,78569700,181.6483017
2024/5/7,183.45,184.9,181.32,182.4,181.94,77305800,182.4067398
2024/5/8,182.85,183.07,181.45,182.74,182.28,45057100,182.6914382
2024/5/9,182.56,184.66,182.11,184.57,184.11,48983000,184.8282508
2024/5/10,184.9,185.09,182.13,183.05,182.84,50759500,183.0570983
2024/5/13,185.44,187.1,184.62,186.28,186.06,72044800,186.5837409
2024/5/14,187.51,188.3,186.29,187.43,187.21,52393600,187.592928
2024/5/15,187.91,190.65,187.37,189.72,189.5,70400000,190.0618313
2024/5/16,190.47,191.1,189.66,189.84,189.62,52845200,190.3017736
2024/5/17,189.51,190.81,189.18,189.87,189.65,41282900,190.4980817
2024/5/20,189.33,191.92,189.01,191.04,190.82,44361300,191.6153815
2024/5/21,191.09,192.73,190.92,192.35,192.13,42309400,192.8856786
2024/5/22,192.27,192.82,190.27,190.9,190.68,34648500,191.2188599
2024/5/23,190.98,191,186.63,186.88,186.66,51005900,187.0177039
2024/5/24,188.82,190.58,188.04,189.98,189.76,36294600,190.4214155
2024/5/28,191.51,193,189.1,189.99,189.77,52280100,190.3799987
2024/5/29,189.61,192.25,189.51,190.29,190.07,53068000,191.2743004
2024/5/30,190.76,192.18,190.63,191.29,191.07,49947900,191.9692663
2024/5/31,191.44,192.57,189.91,192.25,192.03,75158300,192.2648976
2024/6/3,192.9,194.99,192.52,194.03,193.81,50080500,194.5400675
2024/6/4,194.64,195.32,193.03,194.35,194.13,47471400,194.4451368
2024/6/5,195.4,196.9,194.87,195.87,195.64,54156800,196.3624684
2024/6/6,195.69,196.5,194.17,194.48,194.26,41181800,194.9644223
2024/6/7,194.65,196.94,194.14,196.89,196.66,53103900,197.1486355
2024/6/10,196.9,197.3,192.15,193.12,192.9,97262100,193.0292501
2024/6/11,193.65,207.16,193.63,207.15,206.91,172373300,206.6942262
2024/6/12,207.37,220.2,206.9,213.07,212.82,198134300,214.1168704
2024/6/13,214.74,216.75,211.6,214.24,213.99,97862700,213.5836374
2024/6/14,213.85,215.17,211.3,212.49,212.24,70122700,212.4618466
2024/6/17,213.37,218.95,212.72,216.67,216.42,93728300,217.2096717
2024/6/18,217.59,218.63,213,214.29,214.04,79943300,214.1700025
2024/6/20,213.93,214.24,208.85,209.68,209.44,86172500,209.730663
2024/6/21,210.39,211.89,207.11,207.49,207.25,246421400,208.4246781
2024/6/24,207.72,212.7,206.59,208.14,207.9,80727000,209.5922099
2024/6/25,209.15,211.38,208.61,209.07,208.83,56713900,210.1289637
2024/6/26,211.5,214.86,210.64,213.25,213,66213200,213.6522207
2024/6/27,214.69,215.74,212.35,214.1,213.85,49772700,213.9821432
2024/6/28,215.77,216.07,210.3,210.62,210.38,82542700,210.5152357
2024/7/1,212.09,217.51,211.92,216.75,216.5,60402900,217.1088284
2024/7/2,216.15,220.38,215.1,220.27,220.02,58046200,220.0294592
2024/7/3,220,221.55,219.03,221.55,221.29,37369800,221.4180018
2024/7/5,221.65,226.45,221.65,226.34,226.08,60412400,226.3631961
2024/7/8,227.09,227.85,223.25,227.82,227.56,59085900,226.5527154
2024/7/9,227.93,229.4,226.37,228.68,228.42,48076100,228.5961985
2024/7/10,229.3,233.08,229.25,232.98,232.71,62627700,233.1769717
2024/7/11,231.39,232.39,225.77,227.57,227.31,64710600,227.2597577
2024/7/12,228.92,232.64,228.68,230.54,230.27,53046500,231.5064881
2024/7/15,236.48,237.23,233.09,234.4,234.13,62631300,234.2120059
2024/7/16,235,236.27,232.33,234.82,234.55,43234300,234.6049951
2024/7/17,229.45,231.46,226.64,228.88,228.62,57345900,229.23098
2024/7/18,230.28,230.44,222.27,224.18,223.92,66034600,223.6796088
2024/7/19,224.82,226.8,223.28,224.31,224.05,49151500,225.3529897
2024/7/22,227.01,227.78,223.09,223.96,223.7,48201800,224.2719119
2024/7/23,224.37,226.94,222.68,225.01,224.75,39960300,225.4639932
2024/7/24,224,224.8,217.13,218.54,218.29,61777600,218.3413436
2024/7/25,218.93,220.85,214.62,217.49,217.24,51391200,217.5183719
2024/7/26,218.7,219.49,216.01,217.96,217.71,41601300,218.0983165
2024/7/29,216.96,219.3,215.75,218.24,217.99,36311800,218.6891829
2024/7/30,219.19,220.33,216.12,218.8,218.55,41643800,218.5006716
2024/7/31,221.44,223.82,220.63,222.08,221.82,50036300,222.5574724
2024/8/1,224.37,224.48,217.02,218.36,218.11,62501000,217.6042516
2024/8/2,219.15,225.6,217.71,219.86,219.61,105568600,221.131011
2024/8/5,199.09,213.5,196,209.27,209.03,119548600,209.7836093
2024/8/6,205.3,209.99,201.07,207.23,206.99,69660500,207.2360004
2024/8/7,206.9,213.64,206.39,209.82,209.58,63516400,211.1999367
2024/8/8,213.11,214.2,208.83,213.31,213.06,47161100,212.2978081
2024/8/9,212.1,216.78,211.97,216.24,215.99,42201600,216.448799
2024/8/12,216.07,219.51,215.6,217.53,217.53,38028100,218.0550114
2024/8/13,219.01,221.89,219.01,221.27,221.27,44155300,221.6257927
2024/8/14,220.57,223.03,219.7,221.72,221.72,41960600,222.0392485
2024/8/15,224.6,225.35,222.76,224.72,224.72,46414000,224.4897091
2024/8/16,223.92,226.83,223.65,226.05,226.05,44340200,226.4580815
2024/8/19,225.72,225.99,223.04,225.89,225.89,40687800,225.3714684
2024/8/20,225.77,227.17,225.45,226.51,226.51,30299000,227.0838965
2024/8/21,226.52,227.98,225.05,226.4,226.4,34765500,226.8315619
2024/8/22,227.79,228.34,223.9,224.53,224.53,43695300,224.7019051
2024/8/23,225.66,228.22,224.33,226.84,226.84,38677300,227.2826986
2024/8/26,226.76,227.28,223.89,227.18,227.18,30602200,226.7566731
2024/8/27,226,228.85,224.89,228.03,228.03,35934600,228.3868577
2024/8/28,227.92,229.86,225.68,226.49,226.49,38052200,227.1610322
2024/8/29,230.1,232.92,228.88,229.79,229.79,51906300,230.6349382
2024/8/30,230.19,230.4,227.48,229,229,52990800,228.9797216
2024/9/3,228.55,229,221.17,222.77,222.77,50190600,222.360203
2024/9/4,221.66,221.78,217.48,220.85,220.85,43840200,220.4556198
2024/9/5,221.63,225.48,221.52,222.38,222.38,36615400,223.8758748
2024/9/6,223.95,225.24,219.77,220.82,220.82,48423000,221.0603157
2024/9/9,220.82,221.27,216.71,220.91,220.91,67180000,220.0872169
2024/9/10,218.92,221.48,216.73,220.11,220.11,51591000,220.2424387
2024/9/11,221.46,223.09,217.89,222.66,222.66,44587100,221.8667168
2024/9/12,222.5,223.55,219.82,222.77,222.77,37498200,222.452906
2024/9/13,223.58,224.04,221.91,222.5,222.5,36766600,222.837879
2024/9/16,216.54,217.22,213.92,216.32,216.32,59357400,216.4721779
2024/9/17,215.75,216.9,214.5,216.79,216.79,45519300,217.1890427
2024/9/18,217.55,222.71,217.54,220.69,220.69,59894900,221.6481276
2024/9/19,224.99,229.82,224.63,228.87,228.87,66781300,228.9461225
2024/9/20,229.97,233.09,227.62,228.2,228.2,318679900,228.9069435
2024/9/23,227.34,229.45,225.81,226.47,226.47,54146000,227.0929109
2024/9/24,228.65,229.35,225.73,227.37,227.37,43556100,227.309076
2024/9/25,224.93,227.29,224.02,226.37,226.37,42308700,226.9438032
2024/9/26,227.3,228.5,225.41,227.52,227.52,36636700,227.6598505
2024/9/27,228.46,229.52,227.3,227.79,227.79,34026000,228.403484
2024/9/30,230.04,233,229.65,233,233,54541900,233.1763036
2024/10/1,229.52,229.65,223.74,226.21,226.21,63285000,225.6045493
2024/10/2,225.89,227.37,223.02,226.78,226.78,32880600,226.5396392
2024/10/3,225.14,226.81,223.32,225.67,225.67,34044200,226.0461519
2024/10/4,227.9,228,224.13,226.8,226.8,37245100,226.3854291
2024/10/7,224.5,225.69,221.33,221.69,221.69,39505400,222.3808675
2024/10/8,224.3,225.98,223.25,225.77,225.77,31855700,226.0469701
2024/10/9,225.23,229.75,224.83,229.54,229.54,33591100,229.7213614
2024/10/10,227.78,229.5,227.17,229.04,229.04,28183500,229.3919957
2024/10/11,229.3,229.41,227.34,227.55,227.55,31759200,227.8877513
2024/10/14,228.7,231.73,228.6,231.3,231.3,39882100,231.7973178
2024/10/15,233.61,237.49,232.37,233.85,233.85,64751400,234.6182336
2024/10/16,231.6,232.12,229.84,231.78,231.78,34082200,231.7812787
2024/10/17,233.43,233.85,230.52,232.15,232.15,32993800,232.0433503
2024/10/18,236.18,236.18,234.01,235,235,46431500,234.9911666
2024/10/21,234.45,236.85,234.45,236.48,236.48,36254500,237.0602759
2024/10/22,233.89,236.22,232.6,235.86,235.86,38846600,235.9855002
2024/10/23,234.08,235.14,227.76,230.76,230.76,52287000,230.2303131
2024/10/24,229.98,230.82,228.41,230.57,230.57,31109500,230.935618
2024/10/25,229.74,233.22,229.57,231.41,231.41,38802300,232.5660989
2024/10/28,233.32,234.73,232.55,233.4,233.4,36087100,234.0786245
2024/10/29,233.1,234.33,232.32,233.67,233.67,35417200,234.1197428
2024/10/30,232.61,233.47,229.55,230.1,230.1,47070900,230.5536487
2024/10/31,229.34,229.83,225.37,225.91,225.91,64370100,226.3853572
2024/11/1,220.97,225.35,220.27,222.91,222.91,65242200,224.2680584
